Workbook

Sheet Regras
B1: BOLÃO COPA DO MUNDO 2026 - TURIM MFO
B2: REGULAMENTO OFICIAL
B3: COMO FUNCIONA | C3: PRAZO
B4: Envio único antes da Copa. O participante deverá preencher todos os palpites de uma só vez: fase de grupos, bônus e mata-mata. Após o envio, não serão aceitas alterações. | C4: 18/05/2026 até 05/06/2026
B5: Os confrontos do mata-mata serão calculados automaticamente pela planilha com base nos palpites da fase de grupos de cada participante, seguindo o chaveamento oficial da FIFA.
B6: O bracket segue o formato oficial da FIFA (M73-M88) com a tabela de 495 combinacoes de 3os colocados.
B7: Preencha seu nome na célula A5 da aba “Apostas - Grupos” e renomeie este arquivo substituindo “{Seu Nome}” pelo mesmo nome informado na planilha.. Exemplo -> Bolao_Copa2026_TurimMFO_Pedro Brandão.xlsx
B8: Para confirmar sua presença envie esta planilha preenchida para bolao@turimbr.com com o assunto "Bolão Turim Copa do Mundo - {Seu Nome}" e realize o PIX de R$ 50,00 até o prazo limite. Chave PIX: asa@turimbr.com
B10: APOSTAS - GRUPOS (max 360 pts)
B11: Placar Exato (ex: 2x1 apostado, 2x1 real) | C11: 5 pontos
B12: Resultado Correto + Saldo Correto (2x0 apostado, 3x1 real) | C12: 3 pontos
B13: Apenas Resultado Correto (1x0 apostado, 3x0 real) | C13: 2 pontos
B14: Resultado Errado | C14: 0 pontos
B16: APOSTAS - BONUS (max 15 pts)
B17: Artilheiro correto | C17: 10 pontos
B18: Selecao com melhor campanha na fase de grupos | C18: 5 pontos
B20: APOSTAS - MATA-MATA (coloque X no time que avanca)
B21: Para cada jogo eliminatorio, coloque X no time que voce acredita que vai avançar. | C21: Celulas laranjas
B22: Os confrontos da Rodada de 32 serão definidos automaticamente com base nos seus palpites da fase de grupos.
B23: A Rodada de 32 seguirá o bracket oficial da FIFA, dos jogos M73 a M88, incluindo a tabela de 495 combinações possíveis dos terceiros colocados.
B24: Preencha da esquerda para a direita: primeiro Rodada de 32, depois Oitavas, Quartas, Semifinais e Final.
B25: Em caso de preenchimento inválido, como dois times marcados no mesmo confronto ou nenhum time marcado, o confronto receberá 0 ponto.
B27: PONTUAÇÃO - MATA-MATA (peso cresce por fase)
B28: Rodada de 32 (M73-M88) | C28: 3 pontos por acerto
B29: Oitavas de Final | C29: 5 pontos por acerto
B30: Quartas de Final | C30: 8 pontos por acerto
B31: Semifinais | C31: 12 pontos por acerto
B32: 3o Lugar | C32: 10 pontos por acerto
B33: Final (Campeão) | C33: 25 pontos
B35: CRITÉRIOS DE DESEMPATE
B36: 1o) Maior pontuacao no Mata-Mata.
B37: 2o) Maior numero de acertos de 5 pts na fase de grupos.
B38: 3o) Maior pontuacao na fase de grupos.
B39: 4o) Sorteio.
B41: PREMIAÇÃO
B42: PRIMEIRO LUGAR = 70% DO PRÊMIO
B43: SEGUNDO LUGAR = 20% DO PRÊMIO
B44: TERCEIRO LUGAR = 10% DO PRÊMIO

Sheet Apostas - Grupos
A1: BOLAO 2026 - APOSTAS: FASE DE GRUPOS
A2: Preencha as celulas AMARELAS com os placares previstos. Role para a direita para ver todos os 72 jogos.
A3: Participante | B3: G001 (A) | D3: G002 (A) | F3: G003 (A) | H3: G004 (A) | J3: G005 (A) | L3: G006 (A) | N3: G007 (B) | P3: G008 (B) | R3: G009 (B) | T3: G010 (B) | V3: G011 (B) | X3: G012 (B) | Z3: G013 (C) | AB3: G014 (C) | AD3: G015 (C) | AF3: G016 (C) | AH3: G017 (C) | AJ3: G018 (C) | AL3: G019 (D) | AN3: G020 (D) | AP3: G021 (D) | AR3: G022 (D) | AT3: G023 (D) | AV3: G024 (D) | AX3: G025 (E) | AZ3: G026 (E) | BB3: G027 (E) | BD3: G028 (E) | BF3: G029 (E) | BH3: G030 (E) | BJ3: G031 (F) | BL3: G032 (F) | BN3: G033 (F) | BP3: G034 (F) | BR3: G035 (F) | BT3: G036 (F) | BV3: G037 (G) | BX3: G038 (G) | BZ3: G039 (G) | CB3: G040 (G) | CD3: G041 (G) | CF3: G042 (G) | CH3: G043 (H) | CJ3: G044 (H) | CL3: G045 (H) | CN3: G046 (H) | CP3: G047 (H) | CR3: G048 (H) | CT3: G049 (I) | CV3: G050 (I) | CX3: G051 (I) | CZ3: G052 (I) | DB3: G053 (I) | DD3: G054 (I) | DF3: G055 (J) | DH3: G056 (J) | DJ3: G057 (J) | DL3: G058 (J) | DN3: G059 (J) | DP3: G060 (J) | DR3: G061 (K) | DT3: G062 (K) | DV3: G063 (K) | DX3: G064 (K) | DZ3: G065 (K) | EB3: G066 (K) | ED3: G067 (L) | EF3: G068 (L) | EH3: G069 (L) | EJ3: G070 (L) | EL3: G071 (L) | EN3: G072 (L)
A4: Nome | B4: Mexico | C4: Africa do Sul | D4: Coreia do Sul | E4: Tchequia | F4: Tchequia | G4: Africa do Sul | H4: Mexico | I4: Coreia do Sul | J4: Tchequia | K4: Mexico | L4: Africa do Sul | M4: Coreia do Sul | N4: Canada | O4: Bosnia e Herzegovina | P4: Qatar | Q4: Suica | R4: Suica | S4: Bosnia e Herzegovina | T4: Canada | U4: Qatar | V4: Suica | W4: Canada | X4: Bosnia e Herzegovina | Y4: Qatar | Z4: Brasil | AA4: Marrocos | AB4: Haiti | AC4: Escocia | AD4: Escocia | AE4: Marrocos | AF4: Brasil | AG4: Haiti | AH4: Escocia | AI4: Brasil | AJ4: Marrocos | AK4: Haiti | AL4: Estados Unidos | AM4: Paraguai | AN4: Australia | AO4: Turquia | AP4: Estados Unidos | AQ4: Australia | AR4: Turquia | AS4: Paraguai | AT4: Turquia | AU4: Estados Unidos | AV4: Paraguai | AW4: Australia | AX4: Alemanha | AY4: Curacao | AZ4: Costa do Marfim | BA4: Equador | BB4: Alemanha | BC4: Costa do Marfim | BD4: Equador | BE4: Curacao | BF4: Equador | BG4: Alemanha | BH4: Curacao | BI4: Costa do Marfim | BJ4: Holanda | BK4: Japao | BL4: Suecia | BM4: Tunisia | BN4: Holanda | BO4: Suecia | BP4: Tunisia | BQ4: Japao | BR4: Japao | BS4: Suecia | BT4: Tunisia | BU4: Holanda | BV4: Belgica | BW4: Egito | BX4: Ira | BY4: Nova Zelandia | BZ4: Belgica | CA4: Ira | CB4: Nova Zelandia | CC4: Egito | CD4: Egito | CE4: Ira | CF4: Nova Zelandia | CG4: Belgica | CH4: Espanha | CI4: Cabo Verde | CJ4: Arabia Saudita | CK4: Uruguai | CL4: Espanha | CM4: Arabia Saudita | CN4: Uruguai | CO4: Cabo Verde | CP4: Cabo Verde | CQ4: Arabia Saudita | CR4: Uruguai | CS4: Espanha | CT4: Franca | CU4: Senegal | CV4: Iraque | CW4: Noruega | CX4: Franca | CY4: Iraque | CZ4: Noruega | DA4: Senegal | DB4: Noruega | DC4: Franca | DD4: Senegal | DE4: Iraque | DF4: Argentina | DG4: Argelia | DH4: Austria | DI4: Jordania | DJ4: Argentina | DK4: Austria | DL4: Jordania | DM4: Argelia | DN4: Argelia | DO4: Austria | DP4: Jordania | DQ4: Argentina | DR4: Portugal | DS4: RD Congo | DT4: Uzbequistao | DU4: Colombia | DV4: Portugal | DW4: Uzbequistao | DX4: Colombia | DY4: RD Congo | DZ4: Colombia | EA4: Portugal | EB4: RD Congo | EC4: Uzbequistao | ED4: Inglaterra | EE4: Croacia | EF4: Gana | EG4: Panama | EH4: Inglaterra | EI4: Gana | EJ4: Panama | EK4: Croacia | EL4: Panama | EM4: Inglaterra | EN4: Croacia | EO4: Gana
A5: GSachs | B5: 2 | C5: 0 | D5: 1 | E5: 1 | F5: 1 | G5: 1 | H5: 2 | I5: 1 | J5: 1 | K5: 2 | L5: 1 | M5: 1 | N5: 2 | O5: 1 | P5: 0 | Q5: 2 | R5: 1 | S5: 1 | T5: 2 | U5: 1 | V5: 1 | W5: 1 | X5: 1 | Y5: 1 | Z5: 2 | AA5: 1 | AB5: 1 | AC5: 1 | AD5: 1 | AE5: 1 | AF5: 2 | AG5: 1 | AH5: 1 | AI5: 2 | AJ5: 1 | AK5: 1 | AL5: 1 | AM5: 1 | AN5: 1 | AO5: 1 | AP5: 1 | AQ5: 1 | AR5: 1 | AS5: 1 | AT5: 1 | AU5: 1 | AV5: 1 | AW5: 1 | AX5: 2 | AY5: 1 | AZ5: 1 | BA5: 1 | BB5: 2 | BC5: 1 | BD5: 2 | BE5: 1 | BF5: 1 | BG5: 2 | BH5: 1 | BI5: 1 | BJ5: 1 | BK5: 1 | BL5: 1 | BM5: 1 | BN5: 2 | BO5: 1 | BP5: 1 | BQ5: 1 | BR5: 1 | BS5: 1 | BT5: 1 | BU5: 2 | BV5: 1 | BW5: 1 | BX5: 1 | BY5: 1 | BZ5: 1 | CA5: 1 | CB5: 1 | CC5: 1 | CD5: 1 | CE5: 1 | CF5: 1 | CG5: 1 | CH5: 3 | CI5: 0 | CJ5: 1 | CK5: 1 | CL5: 3 | CM5: 0 | CN5: 1 | CO5: 1 | CP5: 1 | CQ5: 1 | CR5: 0 | CS5: 2 | CT5: 2 | CU5: 1 | CV5: 1 | CW5: 2 | CX5: 3 | CY5: 0 | CZ5: 1 | DA5: 1 | DB5: 1 | DC5: 2 | DD5: 2 | DE5: 1 | DF5: 2 | DG5: 1 | DH5: 1 | DI5: 1 | DJ5: 2 | DK5: 1 | DL5: 1 | DM5: 1 | DN5: 1 | DO5: 1 | DP5: 1 | DQ5: 2 | DR5: 2 | DS5: 1 | DT5: 1 | DU5: 1 | DV5: 2 | DW5: 1 | DX5: 2 | DY5: 1 | DZ5: 1 | EA5: 1 | EB5: 1 | EC5: 1 | ED5: 1 | EE5: 1 | EF5: 1 | EG5: 1 | EH5: 2 | EI5: 1 | EJ5: 1 | EK5: 2 | EL5: 1 | EM5: 2 | EN5: 2 | EO5: 1
A7: CLASSIFICAÇÃO POR GRUPO (atualiza automaticamente conforme você preenche os placares)
A8: Grupo A | Q8: Grupo B | AG8: Grupo C
A9: # | B9: Seleção | H9: P | I9: J | J9: V | K9: E | L9: D | M9: GP | N9: GC | O9: SG | P9: % | Q9: # | R9: Seleção | X9: P | Y9: J | Z9: V | AA9: E | AB9: D | AC9: GP | AD9: GC | AE9: SG | AF9: % | AG9: # | AH9: Seleção | AN9: P | AO9: J | AP9: V | AQ9: E | AR9: D | AS9: GP | AT9: GC | AU9: SG | AV9: %
A10: 1 | B10: =IFERROR(INDEX(Calc!$B$3:$B$6,MATCH(1,Calc!$J$3:$J$6,0)),"?") -> Mexico | H10: =IFERROR(INDEX(Calc!$H$3:$H$6,MATCH(1,Calc!$J$3:$J$6,0)),0) -> 9 | I10: =IFERROR(INDEX(Calc!$K$3:$K$6,MATCH(1,Calc!$J$3:$J$6,0)),0) -> 3 | J10: =IFERROR(INDEX(Calc!$C$3:$C$6,MATCH(1,Calc!$J$3:$J$6,0)),0) -> 3 | K10: =IFERROR(INDEX(Calc!$D$3:$D$6,MATCH(1,Calc!$J$3:$J$6,0)),0) -> 0 | L10: =IFERROR(INDEX(Calc!$L$3:$L$6,MATCH(1,Calc!$J$3:$J$6,0)),0) -> 0 | M10: =IFERROR(INDEX(Calc!$E$3:$E$6,MATCH(1,Calc!$J$3:$J$6,0)),0) -> 6 | N10: =IFERROR(INDEX(Calc!$F$3:$F$6,MATCH(1,Calc!$J$3:$J$6,0)),0) -> 2 | O10: =IFERROR(INDEX(Calc!$G$3:$G$6,MATCH(1,Calc!$J$3:$J$6,0)),0) -> 4 | P10: =IFERROR(ROUND(INDEX(Calc!$H$3:$H$6,MATCH(1,Calc!$J$3:$J$6,0))/(INDEX(Calc!$K$3:$K$6,MATCH(1,Calc!$J$3:$J$6,0))*3)*100,0),0) -> 100 | Q10: 1 | R10: =IFERROR(INDEX(Calc!$B$7:$B$10,MATCH(1,Calc!$J$7:$J$10,0)),"?") -> Canada | X10: =IFERROR(INDEX(Calc!$H$7:$H$10,MATCH(1,Calc!$J$7:$J$10,0)),0) -> 7 | Y10: =IFERROR(INDEX(Calc!$K$7:$K$10,MATCH(1,Calc!$J$7:$J$10,0)),0) -> 3 | Z10: =IFERROR(INDEX(Calc!$C$7:$C$10,MATCH(1,Calc!$J$7:$J$10,0)),0) -> 2 | AA10: =IFERROR(INDEX(Calc!$D$7:$D$10,MATCH(1,Calc!$J$7:$J$10,0)),0) -> 1 | AB10: =IFERROR(INDEX(Calc!$L$7:$L$10,MATCH(1,Calc!$J$7:$J$10,0)),0) -> 0 | AC10: =IFERROR(INDEX(Calc!$E$7:$E$10,MATCH(1,Calc!$J$7:$J$10,0)),0) -> 5 | AD10: =IFERROR(INDEX(Calc!$F$7:$F$10,MATCH(1,Calc!$J$7:$J$10,0)),0) -> 3 | AE10: =IFERROR(INDEX(Calc!$G$7:$G$10,MATCH(1,Calc!$J$7:$J$10,0)),0) -> 2 | AF10: =IFERROR(ROUND(INDEX(Calc!$H$7:$H$10,MATCH(1,Calc!$J$7:$J$10,0))/(INDEX(Calc!$K$7:$K$10,MATCH(1,Calc!$J$7:$J$10,0))*3)*100,0),0) -> 78 | AG10: 1 | AH10: =IFERROR(INDEX(Calc!$B$11:$B$14,MATCH(1,Calc!$J$11:$J$14,0)),"?") -> Brasil | AN10: =IFERROR(INDEX(Calc!$H$11:$H$14,MATCH(1,Calc!$J$11:$J$14,0)),0) -> 9 | AO10: =IFERROR(INDEX(Calc!$K$11:$K$14,MATCH(1,Calc!$J$11:$J$14,0)),0) -> 3 | AP10: =IFERROR(INDEX(Calc!$C$11:$C$14,MATCH(1,Calc!$J$11:$J$14,0)),0) -> 3 | AQ10: =IFERROR(INDEX(Calc!$D$11:$D$14,MATCH(1,Calc!$J$11:$J$14,0)),0) -> 0 | AR10: =IFERROR(INDEX(Calc!$L$11:$L$14,MATCH(1,Calc!$J$11:$J$14,0)),0) -> 0 | AS10: =IFERROR(INDEX(Calc!$E$11:$E$14,MATCH(1,Calc!$J$11:$J$14,0)),0) -> 6 | AT10: =IFERROR(INDEX(Calc!$F$11:$F$14,MATCH(1,Calc!$J$11:$J$14,0)),0) -> 3 | AU10: =IFERROR(INDEX(Calc!$G$11:$G$14,MATCH(1,Calc!$J$11:$J$14,0)),0) -> 3 | AV10: =IFERROR(ROUND(INDEX(Calc!$H$11:$H$14,MATCH(1,Calc!$J$11:$J$14,0))/(INDEX(Calc!$K$11:$K$14,MATCH(1,Calc!$J$11:$J$14,0))*3)*100,0),0) -> 100
A11: 2 | B11: =IFERROR(INDEX(Calc!$B$3:$B$6,MATCH(2,Calc!$J$3:$J$6,0)),"?") -> Coreia do Sul | H11: =IFERROR(INDEX(Calc!$H$3:$H$6,MATCH(2,Calc!$J$3:$J$6,0)),0) -> 2 | I11: =IFERROR(INDEX(Calc!$K$3:$K$6,MATCH(2,Calc!$J$3:$J$6,0)),0) -> 3 | J11: =IFERROR(INDEX(Calc!$C$3:$C$6,MATCH(2,Calc!$J$3:$J$6,0)),0) -> 0 | K11: =IFERROR(INDEX(Calc!$D$3:$D$6,MATCH(2,Calc!$J$3:$J$6,0)),0) -> 2 | L11: =IFERROR(INDEX(Calc!$L$3:$L$6,MATCH(2,Calc!$J$3:$J$6,0)),0) -> 1 | M11: =IFERROR(INDEX(Calc!$E$3:$E$6,MATCH(2,Calc!$J$3:$J$6,0)),0) -> 3 | N11: =IFERROR(INDEX(Calc!$F$3:$F$6,MATCH(2,Calc!$J$3:$J$6,0)),0) -> 4 | O11: =IFERROR(INDEX(Calc!$G$3:$G$6,MATCH(2,Calc!$J$3:$J$6,0)),0) -> -1 | P11: =IFERROR(ROUND(INDEX(Calc!$H$3:$H$6,MATCH(2,Calc!$J$3:$J$6,0))/(INDEX(Calc!$K$3:$K$6,MATCH(2,Calc!$J$3:$J$6,0))*3)*100,0),0) -> 22 | Q11: 2 | R11: =IFERROR(INDEX(Calc!$B$7:$B$10,MATCH(2,Calc!$J$7:$J$10,0)),"?") -> Suica | X11: =IFERROR(INDEX(Calc!$H$7:$H$10,MATCH(2,Calc!$J$7:$J$10,0)),0) -> 5 | Y11: =IFERROR(INDEX(Calc!$K$7:$K$10,MATCH(2,Calc!$J$7:$J$10,0)),0) -> 3 | Z11: =IFERROR(INDEX(Calc!$C$7:$C$10,MATCH(2,Calc!$J$7:$J$10,0)),0) -> 1 | AA11: =IFERROR(INDEX(Calc!$D$7:$D$10,MATCH(2,Calc!$J$7:$J$10,0)),0) -> 2 | AB11: =IFERROR(INDEX(Calc!$L$7:$L$10,MATCH(2,Calc!$J$7:$J$10,0)),0) -> 0 | AC11: =IFERROR(INDEX(Calc!$E$7:$E$10,MATCH(2,Calc!$J$7:$J$10,0)),0) -> 4 | AD11: =IFERROR(INDEX(Calc!$F$7:$F$10,MATCH(2,Calc!$J$7:$J$10,0)),0) -> 2 | AE11: =IFERROR(INDEX(Calc!$G$7:$G$10,MATCH(2,Calc!$J$7:$J$10,0)),0) -> 2 | AF11: =IFERROR(ROUND(INDEX(Calc!$H$7:$H$10,MATCH(2,Calc!$J$7:$J$10,0))/(INDEX(Calc!$K$7:$K$10,MATCH(2,Calc!$J$7:$J$10,0))*3)*100,0),0) -> 56 | AG11: 2 | AH11: =IFERROR(INDEX(Calc!$B$11:$B$14,MATCH(2,Calc!$J$11:$J$14,0)),"?") -> Marrocos | AN11: =IFERROR(INDEX(Calc!$H$11:$H$14,MATCH(2,Calc!$J$11:$J$14,0)),0) -> 2 | AO11: =IFERROR(INDEX(Calc!$K$11:$K$14,MATCH(2,Calc!$J$11:$J$14,0)),0) -> 3 | AP11: =IFERROR(INDEX(Calc!$C$11:$C$14,MATCH(2,Calc!$J$11:$J$14,0)),0) -> 0 | AQ11: =IFERROR(INDEX(Calc!$D$11:$D$14,MATCH(2,Calc!$J$11:$J$14,0)),0) -> 2 | AR11: =IFERROR(INDEX(Calc!$L$11:$L$14,MATCH(2,Calc!$J$11:$J$14,0)),0) -> 1 | AS11: =IFERROR(INDEX(Calc!$E$11:$E$14,MATCH(2,Calc!$J$11:$J$14,0)),0) -> 3 | AT11: =IFERROR(INDEX(Calc!$F$11:$F$14,MATCH(2,Calc!$J$11:$J$14,0)),0) -> 4 | AU11: =IFERROR(INDEX(Calc!$G$11:$G$14,MATCH(2,Calc!$J$11:$J$14,0)),0) -> -1 | AV11: =IFERROR(ROUND(INDEX(Calc!$H$11:$H$14,MATCH(2,Calc!$J$11:$J$14,0))/(INDEX(Calc!$K$11:$K$14,MATCH(2,Calc!$J$11:$J$14,0))*3)*100,0),0) -> 22
A12: 3 | B12: =IFERROR(INDEX(Calc!$B$3:$B$6,MATCH(3,Calc!$J$3:$J$6,0)),"?") -> Tchequia | H12: =IFERROR(INDEX(Calc!$H$3:$H$6,MATCH(3,Calc!$J$3:$J$6,0)),0) -> 2 | I12: =IFERROR(INDEX(Calc!$K$3:$K$6,MATCH(3,Calc!$J$3:$J$6,0)),0) -> 3 | J12: =IFERROR(INDEX(Calc!$C$3:$C$6,MATCH(3,Calc!$J$3:$J$6,0)),0) -> 0 | K12: =IFERROR(INDEX(Calc!$D$3:$D$6,MATCH(3,Calc!$J$3:$J$6,0)),0) -> 2 | L12: =IFERROR(INDEX(Calc!$L$3:$L$6,MATCH(3,Calc!$J$3:$J$6,0)),0) -> 1 | M12: =IFERROR(INDEX(Calc!$E$3:$E$6,MATCH(3,Calc!$J$3:$J$6,0)),0) -> 3 | N12: =IFERROR(INDEX(Calc!$F$3:$F$6,MATCH(3,Calc!$J$3:$J$6,0)),0) -> 4 | O12: =IFERROR(INDEX(Calc!$G$3:$G$6,MATCH(3,Calc!$J$3:$J$6,0)),0) -> -1 | P12: =IFERROR(ROUND(INDEX(Calc!$H$3:$H$6,MATCH(3,Calc!$J$3:$J$6,0))/(INDEX(Calc!$K$3:$K$6,MATCH(3,Calc!$J$3:$J$6,0))*3)*100,0),0) -> 22 | Q12: 3 | R12: =IFERROR(INDEX(Calc!$B$7:$B$10,MATCH(3,Calc!$J$7:$J$10,0)),"?") -> Bosnia e Herzegovina | X12: =IFERROR(INDEX(Calc!$H$7:$H$10,MATCH(3,Calc!$J$7:$J$10,0)),0) -> 2 | Y12: =IFERROR(INDEX(Calc!$K$7:$K$10,MATCH(3,Calc!$J$7:$J$10,0)),0) -> 3 | Z12: =IFERROR(INDEX(Calc!$C$7:$C$10,MATCH(3,Calc!$J$7:$J$10,0)),0) -> 0 | AA12: =IFERROR(INDEX(Calc!$D$7:$D$10,MATCH(3,Calc!$J$7:$J$10,0)),0) -> 2 | AB12: =IFERROR(INDEX(Calc!$L$7:$L$10,MATCH(3,Calc!$J$7:$J$10,0)),0) -> 1 | AC12: =IFERROR(INDEX(Calc!$E$7:$E$10,MATCH(3,Calc!$J$7:$J$10,0)),0) -> 3 | AD12: =IFERROR(INDEX(Calc!$F$7:$F$10,MATCH(3,Calc!$J$7:$J$10,0)),0) -> 4 | AE12: =IFERROR(INDEX(Calc!$G$7:$G$10,MATCH(3,Calc!$J$7:$J$10,0)),0) -> -1 | AF12: =IFERROR(ROUND(INDEX(Calc!$H$7:$H$10,MATCH(3,Calc!$J$7:$J$10,0))/(INDEX(Calc!$K$7:$K$10,MATCH(3,Calc!$J$7:$J$10,0))*3)*100,0),0) -> 22 | AG12: 3 | AH12: =IFERROR(INDEX(Calc!$B$11:$B$14,MATCH(3,Calc!$J$11:$J$14,0)),"?") -> Escocia | AN12: =IFERROR(INDEX(Calc!$H$11:$H$14,MATCH(3,Calc!$J$11:$J$14,0)),0) -> 2 | AO12: =IFERROR(INDEX(Calc!$K$11:$K$14,MATCH(3,Calc!$J$11:$J$14,0)),0) -> 3 | AP12: =IFERROR(INDEX(Calc!$C$11:$C$14,MATCH(3,Calc!$J$11:$J$14,0)),0) -> 0 | AQ12: =IFERROR(INDEX(Calc!$D$11:$D$14,MATCH(3,Calc!$J$11:$J$14,0)),0) -> 2 | AR12: =IFERROR(INDEX(Calc!$L$11:$L$14,MATCH(3,Calc!$J$11:$J$14,0)),0) -> 1 | AS12: =IFERROR(INDEX(Calc!$E$11:$E$14,MATCH(3,Calc!$J$11:$J$14,0)),0) -> 3 | AT12: =IFERROR(INDEX(Calc!$F$11:$F$14,MATCH(3,Calc!$J$11:$J$14,0)),0) -> 4 | AU12: =IFERROR(INDEX(Calc!$G$11:$G$14,MATCH(3,Calc!$J$11:$J$14,0)),0) -> -1 | AV12: =IFERROR(ROUND(INDEX(Calc!$H$11:$H$14,MATCH(3,Calc!$J$11:$J$14,0))/(INDEX(Calc!$K$11:$K$14,MATCH(3,Calc!$J$11:$J$14,0))*3)*100,0),0) -> 22
A13: 4 | B13: =IFERROR(INDEX(Calc!$B$3:$B$6,MATCH(4,Calc!$J$3:$J$6,0)),"?") -> Africa do Sul | H13: =IFERROR(INDEX(Calc!$H$3:$H$6,MATCH(4,Calc!$J$3:$J$6,0)),0) -> 2 | I13: =IFERROR(INDEX(Calc!$K$3:$K$6,MATCH(4,Calc!$J$3:$J$6,0)),0) -> 3 | J13: =IFERROR(INDEX(Calc!$C$3:$C$6,MATCH(4,Calc!$J$3:$J$6,0)),0) -> 0 | K13: =IFERROR(INDEX(Calc!$D$3:$D$6,MATCH(4,Calc!$J$3:$J$6,0)),0) -> 2 | L13: =IFERROR(INDEX(Calc!$L$3:$L$6,MATCH(4,Calc!$J$3:$J$6,0)),0) -> 1 | M13: =IFERROR(INDEX(Calc!$E$3:$E$6,MATCH(4,Calc!$J$3:$J$6,0)),0) -> 2 | N13: =IFERROR(INDEX(Calc!$F$3:$F$6,MATCH(4,Calc!$J$3:$J$6,0)),0) -> 4 | O13: =IFERROR(INDEX(Calc!$G$3:$G$6,MATCH(4,Calc!$J$3:$J$6,0)),0) -> -2 | P13: =IFERROR(ROUND(INDEX(Calc!$H$3:$H$6,MATCH(4,Calc!$J$3:$J$6,0))/(INDEX(Calc!$K$3:$K$6,MATCH(4,Calc!$J$3:$J$6,0))*3)*100,0),0) -> 22 | Q13: 4 | R13: =IFERROR(INDEX(Calc!$B$7:$B$10,MATCH(4,Calc!$J$7:$J$10,0)),"?") -> Qatar | X13: =IFERROR(INDEX(Calc!$H$7:$H$10,MATCH(4,Calc!$J$7:$J$10,0)),0) -> 1 | Y13: =IFERROR(INDEX(Calc!$K$7:$K$10,MATCH(4,Calc!$J$7:$J$10,0)),0) -> 3 | Z13: =IFERROR(INDEX(Calc!$C$7:$C$10,MATCH(4,Calc!$J$7:$J$10,0)),0) -> 0 | AA13: =IFERROR(INDEX(Calc!$D$7:$D$10,MATCH(4,Calc!$J$7:$J$10,0)),0) -> 1 | AB13: =IFERROR(INDEX(Calc!$L$7:$L$10,MATCH(4,Calc!$J$7:$J$10,0)),0) -> 2 | AC13: =IFERROR(INDEX(Calc!$E$7:$E$10,MATCH(4,Calc!$J$7:$J$10,0)),0) -> 2 | AD13: =IFERROR(INDEX(Calc!$F$7:$F$10,MATCH(4,Calc!$J$7:$J$10,0)),0) -> 5 | AE13: =IFERROR(INDEX(Calc!$G$7:$G$10,MATCH(4,Calc!$J$7:$J$10,0)),0) -> -3 | AF13: =IFERROR(ROUND(INDEX(Calc!$H$7:$H$10,MATCH(4,Calc!$J$7:$J$10,0))/(INDEX(Calc!$K$7:$K$10,MATCH(4,Calc!$J$7:$J$10,0))*3)*100,0),0) -> 11 | AG13: 4 | AH13: =IFERROR(INDEX(Calc!$B$11:$B$14,MATCH(4,Calc!$J$11:$J$14,0)),"?") -> Haiti | AN13: =IFERROR(INDEX(Calc!$H$11:$H$14,MATCH(4,Calc!$J$11:$J$14,0)),0) -> 2 | AO13: =IFERROR(INDEX(Calc!$K$11:$K$14,MATCH(4,Calc!$J$11:$J$14,0)),0) -> 3 | AP13: =IFERROR(INDEX(Calc!$C$11:$C$14,MATCH(4,Calc!$J$11:$J$14,0)),0) -> 0 | AQ13: =IFERROR(INDEX(Calc!$D$11:$D$14,MATCH(4,Calc!$J$11:$J$14,0)),0) -> 2 | AR13: =IFERROR(INDEX(Calc!$L$11:$L$14,MATCH(4,Calc!$J$11:$J$14,0)),0) -> 1 | AS13: =IFERROR(INDEX(Calc!$E$11:$E$14,MATCH(4,Calc!$J$11:$J$14,0)),0) -> 3 | AT13: =IFERROR(INDEX(Calc!$F$11:$F$14,MATCH(4,Calc!$J$11:$J$14,0)),0) -> 4 | AU13: =IFERROR(INDEX(Calc!$G$11:$G$14,MATCH(4,Calc!$J$11:$J$14,0)),0) -> -1 | AV13: =IFERROR(ROUND(INDEX(Calc!$H$11:$H$14,MATCH(4,Calc!$J$11:$J$14,0))/(INDEX(Calc!$K$11:$K$14,MATCH(4,Calc!$J$11:$J$14,0))*3)*100,0),0) -> 22
A15: Grupo D | Q15: Grupo E | AG15: Grupo F
A16: # | B16: Seleção | H16: P | I16: J | J16: V | K16: E | L16: D | M16: GP | N16: GC | O16: SG | P16: % | Q16: # | R16: Seleção | X16: P | Y16: J | Z16: V | AA16: E | AB16: D | AC16: GP | AD16: GC | AE16: SG | AF16: % | AG16: # | AH16: Seleção | AN16: P | AO16: J | AP16: V | AQ16: E | AR16: D | AS16: GP | AT16: GC | AU16: SG | AV16: %
A17: 1 | B17: =IFERROR(INDEX(Calc!$B$15:$B$18,MATCH(1,Calc!$J$15:$J$18,0)),"?") -> Estados Unidos | H17: =IFERROR(INDEX(Calc!$H$15:$H$18,MATCH(1,Calc!$J$15:$J$18,0)),0) -> 3 | I17: =IFERROR(INDEX(Calc!$K$15:$K$18,MATCH(1,Calc!$J$15:$J$18,0)),0) -> 3 | J17: =IFERROR(INDEX(Calc!$C$15:$C$18,MATCH(1,Calc!$J$15:$J$18,0)),0) -> 0 | K17: =IFERROR(INDEX(Calc!$D$15:$D$18,MATCH(1,Calc!$J$15:$J$18,0)),0) -> 3 | L17: =IFERROR(INDEX(Calc!$L$15:$L$18,MATCH(1,Calc!$J$15:$J$18,0)),0) -> 0 | M17: =IFERROR(INDEX(Calc!$E$15:$E$18,MATCH(1,Calc!$J$15:$J$18,0)),0) -> 3 | N17: =IFERROR(INDEX(Calc!$F$15:$F$18,MATCH(1,Calc!$J$15:$J$18,0)),0) -> 3 | O17: =IFERROR(INDEX(Calc!$G$15:$G$18,MATCH(1,Calc!$J$15:$J$18,0)),0) -> 0 | P17: =IFERROR(ROUND(INDEX(Calc!$H$15:$H$18,MATCH(1,Calc!$J$15:$J$18,0))/(INDEX(Calc!$K$15:$K$18,MATCH(1,Calc!$J$15:$J$18,0))*3)*100,0),0) -> 33 | Q17: 1 | R17: =IFERROR(INDEX(Calc!$B$19:$B$22,MATCH(1,Calc!$J$19:$J$22,0)),"?") -> Alemanha | X17: =IFERROR(INDEX(Calc!$H$19:$H$22,MATCH(1,Calc!$J$19:$J$22,0)),0) -> 9 | Y17: =IFERROR(INDEX(Calc!$K$19:$K$22,MATCH(1,Calc!$J$19:$J$22,0)),0) -> 3 | Z17: =IFERROR(INDEX(Calc!$C$19:$C$22,MATCH(1,Calc!$J$19:$J$22,0)),0) -> 3 | AA17: =IFERROR(INDEX(Calc!$D$19:$D$22,MATCH(1,Calc!$J$19:$J$22,0)),0) -> 0 | AB17: =IFERROR(INDEX(Calc!$L$19:$L$22,MATCH(1,Calc!$J$19:$J$22,0)),0) -> 0 | AC17: =IFERROR(INDEX(Calc!$E$19:$E$22,MATCH(1,Calc!$J$19:$J$22,0)),0) -> 6 | AD17: =IFERROR(INDEX(Calc!$F$19:$F$22,MATCH(1,Calc!$J$19:$J$22,0)),0) -> 3 | AE17: =IFERROR(INDEX(Calc!$G$19:$G$22,MATCH(1,Calc!$J$19:$J$22,0)),0) -> 3 | AF17: =IFERROR(ROUND(INDEX(Calc!$H$19:$H$22,MATCH(1,Calc!$J$19:$J$22,0))/(INDEX(Calc!$K$19:$K$22,MATCH(1,Calc!$J$19:$J$22,0))*3)*100,0),0) -> 100 | AG17: 1 | AH17: =IFERROR(INDEX(Calc!$B$23:$B$26,MATCH(1,Calc!$J$23:$J$26,0)),"?") -> Holanda | AN17: =IFERROR(INDEX(Calc!$H$23:$H$26,MATCH(1,Calc!$J$23:$J$26,0)),0) -> 7 | AO17: =IFERROR(INDEX(Calc!$K$23:$K$26,MATCH(1,Calc!$J$23:$J$26,0)),0) -> 3 | AP17: =IFERROR(INDEX(Calc!$C$23:$C$26,MATCH(1,Calc!$J$23:$J$26,0)),0) -> 2 | AQ17: =IFERROR(INDEX(Calc!$D$23:$D$26,MATCH(1,Calc!$J$23:$J$26,0)),0) -> 1 | AR17: =IFERROR(INDEX(Calc!$L$23:$L$26,MATCH(1,Calc!$J$23:$J$26,0)),0) -> 0 | AS17: =IFERROR(INDEX(Calc!$E$23:$E$26,MATCH(1,Calc!$J$23:$J$26,0)),0) -> 5 | AT17: =IFERROR(INDEX(Calc!$F$23:$F$26,MATCH(1,Calc!$J$23:$J$26,0)),0) -> 3 | AU17: =IFERROR(INDEX(Calc!$G$23:$G$26,MATCH(1,Calc!$J$23:$J$26,0)),0) -> 2 | AV17: =IFERROR(ROUND(INDEX(Calc!$H$23:$H$26,MATCH(1,Calc!$J$23:$J$26,0))/(INDEX(Calc!$K$23:$K$26,MATCH(1,Calc!$J$23:$J$26,0))*3)*100,0),0) -> 78
A18: 2 | B18: =IFERROR(INDEX(Calc!$B$15:$B$18,MATCH(2,Calc!$J$15:$J$18,0)),"?") -> Australia | H18: =IFERROR(INDEX(Calc!$H$15:$H$18,MATCH(2,Calc!$J$15:$J$18,0)),0) -> 3 | I18: =IFERROR(INDEX(Calc!$K$15:$K$18,MATCH(2,Calc!$J$15:$J$18,0)),0) -> 3 | J18: =IFERROR(INDEX(Calc!$C$15:$C$18,MATCH(2,Calc!$J$15:$J$18,0)),0) -> 0 | K18: =IFERROR(INDEX(Calc!$D$15:$D$18,MATCH(2,Calc!$J$15:$J$18,0)),0) -> 3 | L18: =IFERROR(INDEX(Calc!$L$15:$L$18,MATCH(2,Calc!$J$15:$J$18,0)),0) -> 0 | M18: =IFERROR(INDEX(Calc!$E$15:$E$18,MATCH(2,Calc!$J$15:$J$18,0)),0) -> 3 | N18: =IFERROR(INDEX(Calc!$F$15:$F$18,MATCH(2,Calc!$J$15:$J$18,0)),0) -> 3 | O18: =IFERROR(INDEX(Calc!$G$15:$G$18,MATCH(2,Calc!$J$15:$J$18,0)),0) -> 0 | P18: =IFERROR(ROUND(INDEX(Calc!$H$15:$H$18,MATCH(2,Calc!$J$15:$J$18,0))/(INDEX(Calc!$K$15:$K$18,MATCH(2,Calc!$J$15:$J$18,0))*3)*100,0),0) -> 33 | Q18: 2 | R18: =IFERROR(INDEX(Calc!$B$19:$B$22,MATCH(2,Calc!$J$19:$J$22,0)),"?") -> Equador | X18: =IFERROR(INDEX(Calc!$H$19:$H$22,MATCH(2,Calc!$J$19:$J$22,0)),0) -> 4 | Y18: =IFERROR(INDEX(Calc!$K$19:$K$22,MATCH(2,Calc!$J$19:$J$22,0)),0) -> 3 | Z18: =IFERROR(INDEX(Calc!$C$19:$C$22,MATCH(2,Calc!$J$19:$J$22,0)),0) -> 1 | AA18: =IFERROR(INDEX(Calc!$D$19:$D$22,MATCH(2,Calc!$J$19:$J$22,0)),0) -> 1 | AB18: =IFERROR(INDEX(Calc!$L$19:$L$22,MATCH(2,Calc!$J$19:$J$22,0)),0) -> 1 | AC18: =IFERROR(INDEX(Calc!$E$19:$E$22,MATCH(2,Calc!$J$19:$J$22,0)),0) -> 4 | AD18: =IFERROR(INDEX(Calc!$F$19:$F$22,MATCH(2,Calc!$J$19:$J$22,0)),0) -> 4 | AE18: =IFERROR(INDEX(Calc!$G$19:$G$22,MATCH(2,Calc!$J$19:$J$22,0)),0) -> 0 | AF18: =IFERROR(ROUND(INDEX(Calc!$H$19:$H$22,MATCH(2,Calc!$J$19:$J$22,0))/(INDEX(Calc!$K$19:$K$22,MATCH(2,Calc!$J$19:$J$22,0))*3)*100,0),0) -> 44 | AG18: 2 | AH18: =IFERROR(INDEX(Calc!$B$23:$B$26,MATCH(2,Calc!$J$23:$J$26,0)),"?") -> Japao | AN18: =IFERROR(INDEX(Calc!$H$23:$H$26,MATCH(2,Calc!$J$23:$J$26,0)),0) -> 3 | AO18: =IFERROR(INDEX(Calc!$K$23:$K$26,MATCH(2,Calc!$J$23:$J$26,0)),0) -> 3 | AP18: =IFERROR(INDEX(Calc!$C$23:$C$26,MATCH(2,Calc!$J$23:$J$26,0)),0) -> 0 | AQ18: =IFERROR(INDEX(Calc!$D$23:$D$26,MATCH(2,Calc!$J$23:$J$26,0)),0) -> 3 | AR18: =IFERROR(INDEX(Calc!$L$23:$L$26,MATCH(2,Calc!$J$23:$J$26,0)),0) -> 0 | AS18: =IFERROR(INDEX(Calc!$E$23:$E$26,MATCH(2,Calc!$J$23:$J$26,0)),0) -> 3 | AT18: =IFERROR(INDEX(Calc!$F$23:$F$26,MATCH(2,Calc!$J$23:$J$26,0)),0) -> 3 | AU18: =IFERROR(INDEX(Calc!$G$23:$G$26,MATCH(2,Calc!$J$23:$J$26,0)),0) -> 0 | AV18: =IFERROR(ROUND(INDEX(Calc!$H$23:$H$26,MATCH(2,Calc!$J$23:$J$26,0))/(INDEX(Calc!$K$23:$K$26,MATCH(2,Calc!$J$23:$J$26,0))*3)*100,0),0) -> 33
A19: 3 | B19: =IFERROR(INDEX(Calc!$B$15:$B$18,MATCH(3,Calc!$J$15:$J$18,0)),"?") -> Turquia | H19: =IFERROR(INDEX(Calc!$H$15:$H$18,MATCH(3,Calc!$J$15:$J$18,0)),0) -> 3 | I19: =IFERROR(INDEX(Calc!$K$15:$K$18,MATCH(3,Calc!$J$15:$J$18,0)),0) -> 3 | J19: =IFERROR(INDEX(Calc!$C$15:$C$18,MATCH(3,Calc!$J$15:$J$18,0)),0) -> 0 | K19: =IFERROR(INDEX(Calc!$D$15:$D$18,MATCH(3,Calc!$J$15:$J$18,0)),0) -> 3 | L19: =IFERROR(INDEX(Calc!$L$15:$L$18,MATCH(3,Calc!$J$15:$J$18,0)),0) -> 0 | M19: =IFERROR(INDEX(Calc!$E$15:$E$18,MATCH(3,Calc!$J$15:$J$18,0)),0) -> 3 | N19: =IFERROR(INDEX(Calc!$F$15:$F$18,MATCH(3,Calc!$J$15:$J$18,0)),0) -> 3 | O19: =IFERROR(INDEX(Calc!$G$15:$G$18,MATCH(3,Calc!$J$15:$J$18,0)),0) -> 0 | P19: =IFERROR(ROUND(INDEX(Calc!$H$15:$H$18,MATCH(3,Calc!$J$15:$J$18,0))/(INDEX(Calc!$K$15:$K$18,MATCH(3,Calc!$J$15:$J$18,0))*3)*100,0),0) -> 33 | Q19: 3 | R19: =IFERROR(INDEX(Calc!$B$19:$B$22,MATCH(3,Calc!$J$19:$J$22,0)),"?") -> Costa do Marfim | X19: =IFERROR(INDEX(Calc!$H$19:$H$22,MATCH(3,Calc!$J$19:$J$22,0)),0) -> 2 | Y19: =IFERROR(INDEX(Calc!$K$19:$K$22,MATCH(3,Calc!$J$19:$J$22,0)),0) -> 3 | Z19: =IFERROR(INDEX(Calc!$C$19:$C$22,MATCH(3,Calc!$J$19:$J$22,0)),0) -> 0 | AA19: =IFERROR(INDEX(Calc!$D$19:$D$22,MATCH(3,Calc!$J$19:$J$22,0)),0) -> 2 | AB19: =IFERROR(INDEX(Calc!$L$19:$L$22,MATCH(3,Calc!$J$19:$J$22,0)),0) -> 1 | AC19: =IFERROR(INDEX(Calc!$E$19:$E$22,MATCH(3,Calc!$J$19:$J$22,0)),0) -> 3 | AD19: =IFERROR(INDEX(Calc!$F$19:$F$22,MATCH(3,Calc!$J$19:$J$22,0)),0) -> 4 | AE19: =IFERROR(INDEX(Calc!$G$19:$G$22,MATCH(3,Calc!$J$19:$J$22,0)),0) -> -1 | AF19: =IFERROR(ROUND(INDEX(Calc!$H$19:$H$22,MATCH(3,Calc!$J$19:$J$22,0))/(INDEX(Calc!$K$19:$K$22,MATCH(3,Calc!$J$19:$J$22,0))*3)*100,0),0) -> 22 | AG19: 3 | AH19: =IFERROR(INDEX(Calc!$B$23:$B$26,MATCH(3,Calc!$J$23:$J$26,0)),"?") -> Suecia | AN19: =IFERROR(INDEX(Calc!$H$23:$H$26,MATCH(3,Calc!$J$23:$J$26,0)),0) -> 2 | AO19: =IFERROR(INDEX(Calc!$K$23:$K$26,MATCH(3,Calc!$J$23:$J$26,0)),0) -> 3 | AP19: =IFERROR(INDEX(Calc!$C$23:$C$26,MATCH(3,Calc!$J$23:$J$26,0)),0) -> 0 | AQ19: =IFERROR(INDEX(Calc!$D$23:$D$26,MATCH(3,Calc!$J$23:$J$26,0)),0) -> 2 | AR19: =IFERROR(INDEX(Calc!$L$23:$L$26,MATCH(3,Calc!$J$23:$J$26,0)),0) -> 1 | AS19: =IFERROR(INDEX(Calc!$E$23:$E$26,MATCH(3,Calc!$J$23:$J$26,0)),0) -> 3 | AT19: =IFERROR(INDEX(Calc!$F$23:$F$26,MATCH(3,Calc!$J$23:$J$26,0)),0) -> 4 | AU19: =IFERROR(INDEX(Calc!$G$23:$G$26,MATCH(3,Calc!$J$23:$J$26,0)),0) -> -1 | AV19: =IFERROR(ROUND(INDEX(Calc!$H$23:$H$26,MATCH(3,Calc!$J$23:$J$26,0))/(INDEX(Calc!$K$23:$K$26,MATCH(3,Calc!$J$23:$J$26,0))*3)*100,0),0) -> 22
A20: 4 | B20: =IFERROR(INDEX(Calc!$B$15:$B$18,MATCH(4,Calc!$J$15:$J$18,0)),"?") -> Paraguai | H20: =IFERROR(INDEX(Calc!$H$15:$H$18,MATCH(4,Calc!$J$15:$J$18,0)),0) -> 3 | I20: =IFERROR(INDEX(Calc!$K$15:$K$18,MATCH(4,Calc!$J$15:$J$18,0)),0) -> 3 | J20: =IFERROR(INDEX(Calc!$C$15:$C$18,MATCH(4,Calc!$J$15:$J$18,0)),0) -> 0 | K20: =IFERROR(INDEX(Calc!$D$15:$D$18,MATCH(4,Calc!$J$15:$J$18,0)),0) -> 3 | L20: =IFERROR(INDEX(Calc!$L$15:$L$18,MATCH(4,Calc!$J$15:$J$18,0)),0) -> 0 | M20: =IFERROR(INDEX(Calc!$E$15:$E$18,MATCH(4,Calc!$J$15:$J$18,0)),0) -> 3 | N20: =IFERROR(INDEX(Calc!$F$15:$F$18,MATCH(4,Calc!$J$15:$J$18,0)),0) -> 3 | O20: =IFERROR(INDEX(Calc!$G$15:$G$18,MATCH(4,Calc!$J$15:$J$18,0)),0) -> 0 | P20: =IFERROR(ROUND(INDEX(Calc!$H$15:$H$18,MATCH(4,Calc!$J$15:$J$18,0))/(INDEX(Calc!$K$15:$K$18,MATCH(4,Calc!$J$15:$J$18,0))*3)*100,0),0) -> 33 | Q20: 4 | R20: =IFERROR(INDEX(Calc!$B$19:$B$22,MATCH(4,Calc!$J$19:$J$22,0)),"?") -> Curacao | X20: =IFERROR(INDEX(Calc!$H$19:$H$22,MATCH(4,Calc!$J$19:$J$22,0)),0) -> 1 | Y20: =IFERROR(INDEX(Calc!$K$19:$K$22,MATCH(4,Calc!$J$19:$J$22,0)),0) -> 3 | Z20: =IFERROR(INDEX(Calc!$C$19:$C$22,MATCH(4,Calc!$J$19:$J$22,0)),0) -> 0 | AA20: =IFERROR(INDEX(Calc!$D$19:$D$22,MATCH(4,Calc!$J$19:$J$22,0)),0) -> 1 | AB20: =IFERROR(INDEX(Calc!$L$19:$L$22,MATCH(4,Calc!$J$19:$J$22,0)),0) -> 2 | AC20: =IFERROR(INDEX(Calc!$E$19:$E$22,MATCH(4,Calc!$J$19:$J$22,0)),0) -> 3 | AD20: =IFERROR(INDEX(Calc!$F$19:$F$22,MATCH(4,Calc!$J$19:$J$22,0)),0) -> 5 | AE20: =IFERROR(INDEX(Calc!$G$19:$G$22,MATCH(4,Calc!$J$19:$J$22,0)),0) -> -2 | AF20: =IFERROR(ROUND(INDEX(Calc!$H$19:$H$22,MATCH(4,Calc!$J$19:$J$22,0))/(INDEX(Calc!$K$19:$K$22,MATCH(4,Calc!$J$19:$J$22,0))*3)*100,0),0) -> 11 | AG20: 4 | AH20: =IFERROR(INDEX(Calc!$B$23:$B$26,MATCH(4,Calc!$J$23:$J$26,0)),"?") -> Tunisia | AN20: =IFERROR(INDEX(Calc!$H$23:$H$26,MATCH(4,Calc!$J$23:$J$26,0)),0) -> 2 | AO20: =IFERROR(INDEX(Calc!$K$23:$K$26,MATCH(4,Calc!$J$23:$J$26,0)),0) -> 3 | AP20: =IFERROR(INDEX(Calc!$C$23:$C$26,MATCH(4,Calc!$J$23:$J$26,0)),0) -> 0 | AQ20: =IFERROR(INDEX(Calc!$D$23:$D$26,MATCH(4,Calc!$J$23:$J$26,0)),0) -> 2 | AR20: =IFERROR(INDEX(Calc!$L$23:$L$26,MATCH(4,Calc!$J$23:$J$26,0)),0) -> 1 | AS20: =IFERROR(INDEX(Calc!$E$23:$E$26,MATCH(4,Calc!$J$23:$J$26,0)),0) -> 3 | AT20: =IFERROR(INDEX(Calc!$F$23:$F$26,MATCH(4,Calc!$J$23:$J$26,0)),0) -> 4 | AU20: =IFERROR(INDEX(Calc!$G$23:$G$26,MATCH(4,Calc!$J$23:$J$26,0)),0) -> -1 | AV20: =IFERROR(ROUND(INDEX(Calc!$H$23:$H$26,MATCH(4,Calc!$J$23:$J$26,0))/(INDEX(Calc!$K$23:$K$26,MATCH(4,Calc!$J$23:$J$26,0))*3)*100,0),0) -> 22
A22: Grupo G | Q22: Grupo H | AG22: Grupo I
A23: # | B23: Seleção | H23: P | I23: J | J23: V | K23: E | L23: D | M23: GP | N23: GC | O23: SG | P23: % | Q23: # | R23: Seleção | X23: P | Y23: J | Z23: V | AA23: E | AB23: D | AC23: GP | AD23: GC | AE23: SG | AF23: % | AG23: # | AH23: Seleção | AN23: P | AO23: J | AP23: V | AQ23: E | AR23: D | AS23: GP | AT23: GC | AU23: SG | AV23: %
A24: 1 | B24: =IFERROR(INDEX(Calc!$B$27:$B$30,MATCH(1,Calc!$J$27:$J$30,0)),"?") -> Belgica | H24: =IFERROR(INDEX(Calc!$H$27:$H$30,MATCH(1,Calc!$J$27:$J$30,0)),0) -> 3 | I24: =IFERROR(INDEX(Calc!$K$27:$K$30,MATCH(1,Calc!$J$27:$J$30,0)),0) -> 3 | J24: =IFERROR(INDEX(Calc!$C$27:$C$30,MATCH(1,Calc!$J$27:$J$30,0)),0) -> 0 | K24: =IFERROR(INDEX(Calc!$D$27:$D$30,MATCH(1,Calc!$J$27:$J$30,0)),0) -> 3 | L24: =IFERROR(INDEX(Calc!$L$27:$L$30,MATCH(1,Calc!$J$27:$J$30,0)),0) -> 0 | M24: =IFERROR(INDEX(Calc!$E$27:$E$30,MATCH(1,Calc!$J$27:$J$30,0)),0) -> 3 | N24: =IFERROR(INDEX(Calc!$F$27:$F$30,MATCH(1,Calc!$J$27:$J$30,0)),0) -> 3 | O24: =IFERROR(INDEX(Calc!$G$27:$G$30,MATCH(1,Calc!$J$27:$J$30,0)),0) -> 0 | P24: =IFERROR(ROUND(INDEX(Calc!$H$27:$H$30,MATCH(1,Calc!$J$27:$J$30,0))/(INDEX(Calc!$K$27:$K$30,MATCH(1,Calc!$J$27:$J$30,0))*3)*100,0),0) -> 33 | Q24: 1 | R24: =IFERROR(INDEX(Calc!$B$31:$B$34,MATCH(1,Calc!$J$31:$J$34,0)),"?") -> Espanha | X24: =IFERROR(INDEX(Calc!$H$31:$H$34,MATCH(1,Calc!$J$31:$J$34,0)),0) -> 9 | Y24: =IFERROR(INDEX(Calc!$K$31:$K$34,MATCH(1,Calc!$J$31:$J$34,0)),0) -> 3 | Z24: =IFERROR(INDEX(Calc!$C$31:$C$34,MATCH(1,Calc!$J$31:$J$34,0)),0) -> 3 | AA24: =IFERROR(INDEX(Calc!$D$31:$D$34,MATCH(1,Calc!$J$31:$J$34,0)),0) -> 0 | AB24: =IFERROR(INDEX(Calc!$L$31:$L$34,MATCH(1,Calc!$J$31:$J$34,0)),0) -> 0 | AC24: =IFERROR(INDEX(Calc!$E$31:$E$34,MATCH(1,Calc!$J$31:$J$34,0)),0) -> 8 | AD24: =IFERROR(INDEX(Calc!$F$31:$F$34,MATCH(1,Calc!$J$31:$J$34,0)),0) -> 0 | AE24: =IFERROR(INDEX(Calc!$G$31:$G$34,MATCH(1,Calc!$J$31:$J$34,0)),0) -> 8 | AF24: =IFERROR(ROUND(INDEX(Calc!$H$31:$H$34,MATCH(1,Calc!$J$31:$J$34,0))/(INDEX(Calc!$K$31:$K$34,MATCH(1,Calc!$J$31:$J$34,0))*3)*100,0),0) -> 100 | AG24: 1 | AH24: =IFERROR(INDEX(Calc!$B$35:$B$38,MATCH(1,Calc!$J$35:$J$38,0)),"?") -> Franca | AN24: =IFERROR(INDEX(Calc!$H$35:$H$38,MATCH(1,Calc!$J$35:$J$38,0)),0) -> 9 | AO24: =IFERROR(INDEX(Calc!$K$35:$K$38,MATCH(1,Calc!$J$35:$J$38,0)),0) -> 3 | AP24: =IFERROR(INDEX(Calc!$C$35:$C$38,MATCH(1,Calc!$J$35:$J$38,0)),0) -> 3 | AQ24: =IFERROR(INDEX(Calc!$D$35:$D$38,MATCH(1,Calc!$J$35:$J$38,0)),0) -> 0 | AR24: =IFERROR(INDEX(Calc!$L$35:$L$38,MATCH(1,Calc!$J$35:$J$38,0)),0) -> 0 | AS24: =IFERROR(INDEX(Calc!$E$35:$E$38,MATCH(1,Calc!$J$35:$J$38,0)),0) -> 7 | AT24: =IFERROR(INDEX(Calc!$F$35:$F$38,MATCH(1,Calc!$J$35:$J$38,0)),0) -> 2 | AU24: =IFERROR(INDEX(Calc!$G$35:$G$38,MATCH(1,Calc!$J$35:$J$38,0)),0) -> 5 | AV24: =IFERROR(ROUND(INDEX(Calc!$H$35:$H$38,MATCH(1,Calc!$J$35:$J$38,0))/(INDEX(Calc!$K$35:$K$38,MATCH(1,Calc!$J$35:$J$38,0))*3)*100,0),0) -> 100
A25: 2 | B25: =IFERROR(INDEX(Calc!$B$27:$B$30,MATCH(2,Calc!$J$27:$J$30,0)),"?") -> Ira | H25: =IFERROR(INDEX(Calc!$H$27:$H$30,MATCH(2,Calc!$J$27:$J$30,0)),0) -> 3 | I25: =IFERROR(INDEX(Calc!$K$27:$K$30,MATCH(2,Calc!$J$27:$J$30,0)),0) -> 3 | J25: =IFERROR(INDEX(Calc!$C$27:$C$30,MATCH(2,Calc!$J$27:$J$30,0)),0) -> 0 | K25: =IFERROR(INDEX(Calc!$D$27:$D$30,MATCH(2,Calc!$J$27:$J$30,0)),0) -> 3 | L25: =IFERROR(INDEX(Calc!$L$27:$L$30,MATCH(2,Calc!$J$27:$J$30,0)),0) -> 0 | M25: =IFERROR(INDEX(Calc!$E$27:$E$30,MATCH(2,Calc!$J$27:$J$30,0)),0) -> 3 | N25: =IFERROR(INDEX(Calc!$F$27:$F$30,MATCH(2,Calc!$J$27:$J$30,0)),0) -> 3 | O25: =IFERROR(INDEX(Calc!$G$27:$G$30,MATCH(2,Calc!$J$27:$J$30,0)),0) -> 0 | P25: =IFERROR(ROUND(INDEX(Calc!$H$27:$H$30,MATCH(2,Calc!$J$27:$J$30,0))/(INDEX(Calc!$K$27:$K$30,MATCH(2,Calc!$J$27:$J$30,0))*3)*100,0),0) -> 33 | Q25: 2 | R25: =IFERROR(INDEX(Calc!$B$31:$B$34,MATCH(2,Calc!$J$31:$J$34,0)),"?") -> Uruguai | X25: =IFERROR(INDEX(Calc!$H$31:$H$34,MATCH(2,Calc!$J$31:$J$34,0)),0) -> 2 | Y25: =IFERROR(INDEX(Calc!$K$31:$K$34,MATCH(2,Calc!$J$31:$J$34,0)),0) -> 3 | Z25: =IFERROR(INDEX(Calc!$C$31:$C$34,MATCH(2,Calc!$J$31:$J$34,0)),0) -> 0 | AA25: =IFERROR(INDEX(Calc!$D$31:$D$34,MATCH(2,Calc!$J$31:$J$34,0)),0) -> 2 | AB25: =IFERROR(INDEX(Calc!$L$31:$L$34,MATCH(2,Calc!$J$31:$J$34,0)),0) -> 1 | AC25: =IFERROR(INDEX(Calc!$E$31:$E$34,MATCH(2,Calc!$J$31:$J$34,0)),0) -> 2 | AD25: =IFERROR(INDEX(Calc!$F$31:$F$34,MATCH(2,Calc!$J$31:$J$34,0)),0) -> 4 | AE25: =IFERROR(INDEX(Calc!$G$31:$G$34,MATCH(2,Calc!$J$31:$J$34,0)),0) -> -2 | AF25: =IFERROR(ROUND(INDEX(Calc!$H$31:$H$34,MATCH(2,Calc!$J$31:$J$34,0))/(INDEX(Calc!$K$31:$K$34,MATCH(2,Calc!$J$31:$J$34,0))*3)*100,0),0) -> 22 | AG25: 2 | AH25: =IFERROR(INDEX(Calc!$B$35:$B$38,MATCH(2,Calc!$J$35:$J$38,0)),"?") -> Senegal | AN25: =IFERROR(INDEX(Calc!$H$35:$H$38,MATCH(2,Calc!$J$35:$J$38,0)),0) -> 4 | AO25: =IFERROR(INDEX(Calc!$K$35:$K$38,MATCH(2,Calc!$J$35:$J$38,0)),0) -> 3 | AP25: =IFERROR(INDEX(Calc!$C$35:$C$38,MATCH(2,Calc!$J$35:$J$38,0)),0) -> 1 | AQ25: =IFERROR(INDEX(Calc!$D$35:$D$38,MATCH(2,Calc!$J$35:$J$38,0)),0) -> 1 | AR25: =IFERROR(INDEX(Calc!$L$35:$L$38,MATCH(2,Calc!$J$35:$J$38,0)),0) -> 1 | AS25: =IFERROR(INDEX(Calc!$E$35:$E$38,MATCH(2,Calc!$J$35:$J$38,0)),0) -> 4 | AT25: =IFERROR(INDEX(Calc!$F$35:$F$38,MATCH(2,Calc!$J$35:$J$38,0)),0) -> 4 | AU25: =IFERROR(INDEX(Calc!$G$35:$G$38,MATCH(2,Calc!$J$35:$J$38,0)),0) -> 0 | AV25: =IFERROR(ROUND(INDEX(Calc!$H$35:$H$38,MATCH(2,Calc!$J$35:$J$38,0))/(INDEX(Calc!$K$35:$K$38,MATCH(2,Calc!$J$35:$J$38,0))*3)*100,0),0) -> 44
A26: 3 | B26: =IFERROR(INDEX(Calc!$B$27:$B$30,MATCH(3,Calc!$J$27:$J$30,0)),"?") -> Egito | H26: =IFERROR(INDEX(Calc!$H$27:$H$30,MATCH(3,Calc!$J$27:$J$30,0)),0) -> 3 | I26: =IFERROR(INDEX(Calc!$K$27:$K$30,MATCH(3,Calc!$J$27:$J$30,0)),0) -> 3 | J26: =IFERROR(INDEX(Calc!$C$27:$C$30,MATCH(3,Calc!$J$27:$J$30,0)),0) -> 0 | K26: =IFERROR(INDEX(Calc!$D$27:$D$30,MATCH(3,Calc!$J$27:$J$30,0)),0) -> 3 | L26: =IFERROR(INDEX(Calc!$L$27:$L$30,MATCH(3,Calc!$J$27:$J$30,0)),0) -> 0 | M26: =IFERROR(INDEX(Calc!$E$27:$E$30,MATCH(3,Calc!$J$27:$J$30,0)),0) -> 3 | N26: =IFERROR(INDEX(Calc!$F$27:$F$30,MATCH(3,Calc!$J$27:$J$30,0)),0) -> 3 | O26: =IFERROR(INDEX(Calc!$G$27:$G$30,MATCH(3,Calc!$J$27:$J$30,0)),0) -> 0 | P26: =IFERROR(ROUND(INDEX(Calc!$H$27:$H$30,MATCH(3,Calc!$J$27:$J$30,0))/(INDEX(Calc!$K$27:$K$30,MATCH(3,Calc!$J$27:$J$30,0))*3)*100,0),0) -> 33 | Q26: 3 | R26: =IFERROR(INDEX(Calc!$B$31:$B$34,MATCH(3,Calc!$J$31:$J$34,0)),"?") -> Arabia Saudita | X26: =IFERROR(INDEX(Calc!$H$31:$H$34,MATCH(3,Calc!$J$31:$J$34,0)),0) -> 2 | Y26: =IFERROR(INDEX(Calc!$K$31:$K$34,MATCH(3,Calc!$J$31:$J$34,0)),0) -> 3 | Z26: =IFERROR(INDEX(Calc!$C$31:$C$34,MATCH(3,Calc!$J$31:$J$34,0)),0) -> 0 | AA26: =IFERROR(INDEX(Calc!$D$31:$D$34,MATCH(3,Calc!$J$31:$J$34,0)),0) -> 2 | AB26: =IFERROR(INDEX(Calc!$L$31:$L$34,MATCH(3,Calc!$J$31:$J$34,0)),0) -> 1 | AC26: =IFERROR(INDEX(Calc!$E$31:$E$34,MATCH(3,Calc!$J$31:$J$34,0)),0) -> 2 | AD26: =IFERROR(INDEX(Calc!$F$31:$F$34,MATCH(3,Calc!$J$31:$J$34,0)),0) -> 5 | AE26: =IFERROR(INDEX(Calc!$G$31:$G$34,MATCH(3,Calc!$J$31:$J$34,0)),0) -> -3 | AF26: =IFERROR(ROUND(INDEX(Calc!$H$31:$H$34,MATCH(3,Calc!$J$31:$J$34,0))/(INDEX(Calc!$K$31:$K$34,MATCH(3,Calc!$J$31:$J$34,0))*3)*100,0),0) -> 22 | AG26: 3 | AH26: =IFERROR(INDEX(Calc!$B$35:$B$38,MATCH(3,Calc!$J$35:$J$38,0)),"?") -> Noruega | AN26: =IFERROR(INDEX(Calc!$H$35:$H$38,MATCH(3,Calc!$J$35:$J$38,0)),0) -> 4 | AO26: =IFERROR(INDEX(Calc!$K$35:$K$38,MATCH(3,Calc!$J$35:$J$38,0)),0) -> 3 | AP26: =IFERROR(INDEX(Calc!$C$35:$C$38,MATCH(3,Calc!$J$35:$J$38,0)),0) -> 1 | AQ26: =IFERROR(INDEX(Calc!$D$35:$D$38,MATCH(3,Calc!$J$35:$J$38,0)),0) -> 1 | AR26: =IFERROR(INDEX(Calc!$L$35:$L$38,MATCH(3,Calc!$J$35:$J$38,0)),0) -> 1 | AS26: =IFERROR(INDEX(Calc!$E$35:$E$38,MATCH(3,Calc!$J$35:$J$38,0)),0) -> 4 | AT26: =IFERROR(INDEX(Calc!$F$35:$F$38,MATCH(3,Calc!$J$35:$J$38,0)),0) -> 4 | AU26: =IFERROR(INDEX(Calc!$G$35:$G$38,MATCH(3,Calc!$J$35:$J$38,0)),0) -> 0 | AV26: =IFERROR(ROUND(INDEX(Calc!$H$35:$H$38,MATCH(3,Calc!$J$35:$J$38,0))/(INDEX(Calc!$K$35:$K$38,MATCH(3,Calc!$J$35:$J$38,0))*3)*100,0),0) -> 44
A27: 4 | B27: =IFERROR(INDEX(Calc!$B$27:$B$30,MATCH(4,Calc!$J$27:$J$30,0)),"?") -> Nova Zelandia | H27: =IFERROR(INDEX(Calc!$H$27:$H$30,MATCH(4,Calc!$J$27:$J$30,0)),0) -> 3 | I27: =IFERROR(INDEX(Calc!$K$27:$K$30,MATCH(4,Calc!$J$27:$J$30,0)),0) -> 3 | J27: =IFERROR(INDEX(Calc!$C$27:$C$30,MATCH(4,Calc!$J$27:$J$30,0)),0) -> 0 | K27: =IFERROR(INDEX(Calc!$D$27:$D$30,MATCH(4,Calc!$J$27:$J$30,0)),0) -> 3 | L27: =IFERROR(INDEX(Calc!$L$27:$L$30,MATCH(4,Calc!$J$27:$J$30,0)),0) -> 0 | M27: =IFERROR(INDEX(Calc!$E$27:$E$30,MATCH(4,Calc!$J$27:$J$30,0)),0) -> 3 | N27: =IFERROR(INDEX(Calc!$F$27:$F$30,MATCH(4,Calc!$J$27:$J$30,0)),0) -> 3 | O27: =IFERROR(INDEX(Calc!$G$27:$G$30,MATCH(4,Calc!$J$27:$J$30,0)),0) -> 0 | P27: =IFERROR(ROUND(INDEX(Calc!$H$27:$H$30,MATCH(4,Calc!$J$27:$J$30,0))/(INDEX(Calc!$K$27:$K$30,MATCH(4,Calc!$J$27:$J$30,0))*3)*100,0),0) -> 33 | Q27: 4 | R27: =IFERROR(INDEX(Calc!$B$31:$B$34,MATCH(4,Calc!$J$31:$J$34,0)),"?") -> Cabo Verde | X27: =IFERROR(INDEX(Calc!$H$31:$H$34,MATCH(4,Calc!$J$31:$J$34,0)),0) -> 2 | Y27: =IFERROR(INDEX(Calc!$K$31:$K$34,MATCH(4,Calc!$J$31:$J$34,0)),0) -> 3 | Z27: =IFERROR(INDEX(Calc!$C$31:$C$34,MATCH(4,Calc!$J$31:$J$34,0)),0) -> 0 | AA27: =IFERROR(INDEX(Calc!$D$31:$D$34,MATCH(4,Calc!$J$31:$J$34,0)),0) -> 2 | AB27: =IFERROR(INDEX(Calc!$L$31:$L$34,MATCH(4,Calc!$J$31:$J$34,0)),0) -> 1 | AC27: =IFERROR(INDEX(Calc!$E$31:$E$34,MATCH(4,Calc!$J$31:$J$34,0)),0) -> 2 | AD27: =IFERROR(INDEX(Calc!$F$31:$F$34,MATCH(4,Calc!$J$31:$J$34,0)),0) -> 5 | AE27: =IFERROR(INDEX(Calc!$G$31:$G$34,MATCH(4,Calc!$J$31:$J$34,0)),0) -> -3 | AF27: =IFERROR(ROUND(INDEX(Calc!$H$31:$H$34,MATCH(4,Calc!$J$31:$J$34,0))/(INDEX(Calc!$K$31:$K$34,MATCH(4,Calc!$J$31:$J$34,0))*3)*100,0),0) -> 22 | AG27: 4 | AH27: =IFERROR(INDEX(Calc!$B$35:$B$38,MATCH(4,Calc!$J$35:$J$38,0)),"?") -> Iraque | AN27: =IFERROR(INDEX(Calc!$H$35:$H$38,MATCH(4,Calc!$J$35:$J$38,0)),0) -> 0 | AO27: =IFERROR(INDEX(Calc!$K$35:$K$38,MATCH(4,Calc!$J$35:$J$38,0)),0) -> 3 | AP27: =IFERROR(INDEX(Calc!$C$35:$C$38,MATCH(4,Calc!$J$35:$J$38,0)),0) -> 0 | AQ27: =IFERROR(INDEX(Calc!$D$35:$D$38,MATCH(4,Calc!$J$35:$J$38,0)),0) -> 0 | AR27: =IFERROR(INDEX(Calc!$L$35:$L$38,MATCH(4,Calc!$J$35:$J$38,0)),0) -> 3 | AS27: =IFERROR(INDEX(Calc!$E$35:$E$38,MATCH(4,Calc!$J$35:$J$38,0)),0) -> 2 | AT27: =IFERROR(INDEX(Calc!$F$35:$F$38,MATCH(4,Calc!$J$35:$J$38,0)),0) -> 7 | AU27: =IFERROR(INDEX(Calc!$G$35:$G$38,MATCH(4,Calc!$J$35:$J$38,0)),0) -> -5 | AV27: =IFERROR(ROUND(INDEX(Calc!$H$35:$H$38,MATCH(4,Calc!$J$35:$J$38,0))/(INDEX(Calc!$K$35:$K$38,MATCH(4,Calc!$J$35:$J$38,0))*3)*100,0),0) -> 0
A29: Grupo J | Q29: Grupo K | AG29: Grupo L
A30: # | B30: Seleção | H30: P | I30: J | J30: V | K30: E | L30: D | M30: GP | N30: GC | O30: SG | P30: % | Q30: # | R30: Seleção | X30: P | Y30: J | Z30: V | AA30: E | AB30: D | AC30: GP | AD30: GC | AE30: SG | AF30: % | AG30: # | AH30: Seleção | AN30: P | AO30: J | AP30: V | AQ30: E | AR30: D | AS30: GP | AT30: GC | AU30: SG | AV30: %
A31: 1 | B31: =IFERROR(INDEX(Calc!$B$39:$B$42,MATCH(1,Calc!$J$39:$J$42,0)),"?") -> Argentina | H31: =IFERROR(INDEX(Calc!$H$39:$H$42,MATCH(1,Calc!$J$39:$J$42,0)),0) -> 9 | I31: =IFERROR(INDEX(Calc!$K$39:$K$42,MATCH(1,Calc!$J$39:$J$42,0)),0) -> 3 | J31: =IFERROR(INDEX(Calc!$C$39:$C$42,MATCH(1,Calc!$J$39:$J$42,0)),0) -> 3 | K31: =IFERROR(INDEX(Calc!$D$39:$D$42,MATCH(1,Calc!$J$39:$J$42,0)),0) -> 0 | L31: =IFERROR(INDEX(Calc!$L$39:$L$42,MATCH(1,Calc!$J$39:$J$42,0)),0) -> 0 | M31: =IFERROR(INDEX(Calc!$E$39:$E$42,MATCH(1,Calc!$J$39:$J$42,0)),0) -> 6 | N31: =IFERROR(INDEX(Calc!$F$39:$F$42,MATCH(1,Calc!$J$39:$J$42,0)),0) -> 3 | O31: =IFERROR(INDEX(Calc!$G$39:$G$42,MATCH(1,Calc!$J$39:$J$42,0)),0) -> 3 | P31: =IFERROR(ROUND(INDEX(Calc!$H$39:$H$42,MATCH(1,Calc!$J$39:$J$42,0))/(INDEX(Calc!$K$39:$K$42,MATCH(1,Calc!$J$39:$J$42,0))*3)*100,0),0) -> 100 | Q31: 1 | R31: =IFERROR(INDEX(Calc!$B$43:$B$46,MATCH(1,Calc!$J$43:$J$46,0)),"?") -> Portugal | X31: =IFERROR(INDEX(Calc!$H$43:$H$46,MATCH(1,Calc!$J$43:$J$46,0)),0) -> 7 | Y31: =IFERROR(INDEX(Calc!$K$43:$K$46,MATCH(1,Calc!$J$43:$J$46,0)),0) -> 3 | Z31: =IFERROR(INDEX(Calc!$C$43:$C$46,MATCH(1,Calc!$J$43:$J$46,0)),0) -> 2 | AA31: =IFERROR(INDEX(Calc!$D$43:$D$46,MATCH(1,Calc!$J$43:$J$46,0)),0) -> 1 | AB31: =IFERROR(INDEX(Calc!$L$43:$L$46,MATCH(1,Calc!$J$43:$J$46,0)),0) -> 0 | AC31: =IFERROR(INDEX(Calc!$E$43:$E$46,MATCH(1,Calc!$J$43:$J$46,0)),0) -> 5 | AD31: =IFERROR(INDEX(Calc!$F$43:$F$46,MATCH(1,Calc!$J$43:$J$46,0)),0) -> 3 | AE31: =IFERROR(INDEX(Calc!$G$43:$G$46,MATCH(1,Calc!$J$43:$J$46,0)),0) -> 2 | AF31: =IFERROR(ROUND(INDEX(Calc!$H$43:$H$46,MATCH(1,Calc!$J$43:$J$46,0))/(INDEX(Calc!$K$43:$K$46,MATCH(1,Calc!$J$43:$J$46,0))*3)*100,0),0) -> 78 | AG31: 1 | AH31: =IFERROR(INDEX(Calc!$B$47:$B$50,MATCH(1,Calc!$J$47:$J$50,0)),"?") -> Inglaterra | AN31: =IFERROR(INDEX(Calc!$H$47:$H$50,MATCH(1,Calc!$J$47:$J$50,0)),0) -> 7 | AO31: =IFERROR(INDEX(Calc!$K$47:$K$50,MATCH(1,Calc!$J$47:$J$50,0)),0) -> 3 | AP31: =IFERROR(INDEX(Calc!$C$47:$C$50,MATCH(1,Calc!$J$47:$J$50,0)),0) -> 2 | AQ31: =IFERROR(INDEX(Calc!$D$47:$D$50,MATCH(1,Calc!$J$47:$J$50,0)),0) -> 1 | AR31: =IFERROR(INDEX(Calc!$L$47:$L$50,MATCH(1,Calc!$J$47:$J$50,0)),0) -> 0 | AS31: =IFERROR(INDEX(Calc!$E$47:$E$50,MATCH(1,Calc!$J$47:$J$50,0)),0) -> 5 | AT31: =IFERROR(INDEX(Calc!$F$47:$F$50,MATCH(1,Calc!$J$47:$J$50,0)),0) -> 3 | AU31: =IFERROR(INDEX(Calc!$G$47:$G$50,MATCH(1,Calc!$J$47:$J$50,0)),0) -> 2 | AV31: =IFERROR(ROUND(INDEX(Calc!$H$47:$H$50,MATCH(1,Calc!$J$47:$J$50,0))/(INDEX(Calc!$K$47:$K$50,MATCH(1,Calc!$J$47:$J$50,0))*3)*100,0),0) -> 78
A32: 2 | B32: =IFERROR(INDEX(Calc!$B$39:$B$42,MATCH(2,Calc!$J$39:$J$42,0)),"?") -> Austria | H32: =IFERROR(INDEX(Calc!$H$39:$H$42,MATCH(2,Calc!$J$39:$J$42,0)),0) -> 2 | I32: =IFERROR(INDEX(Calc!$K$39:$K$42,MATCH(2,Calc!$J$39:$J$42,0)),0) -> 3 | J32: =IFERROR(INDEX(Calc!$C$39:$C$42,MATCH(2,Calc!$J$39:$J$42,0)),0) -> 0 | K32: =IFERROR(INDEX(Calc!$D$39:$D$42,MATCH(2,Calc!$J$39:$J$42,0)),0) -> 2 | L32: =IFERROR(INDEX(Calc!$L$39:$L$42,MATCH(2,Calc!$J$39:$J$42,0)),0) -> 1 | M32: =IFERROR(INDEX(Calc!$E$39:$E$42,MATCH(2,Calc!$J$39:$J$42,0)),0) -> 3 | N32: =IFERROR(INDEX(Calc!$F$39:$F$42,MATCH(2,Calc!$J$39:$J$42,0)),0) -> 4 | O32: =IFERROR(INDEX(Calc!$G$39:$G$42,MATCH(2,Calc!$J$39:$J$42,0)),0) -> -1 | P32: =IFERROR(ROUND(INDEX(Calc!$H$39:$H$42,MATCH(2,Calc!$J$39:$J$42,0))/(INDEX(Calc!$K$39:$K$42,MATCH(2,Calc!$J$39:$J$42,0))*3)*100,0),0) -> 22 | Q32: 2 | R32: =IFERROR(INDEX(Calc!$B$43:$B$46,MATCH(2,Calc!$J$43:$J$46,0)),"?") -> Colombia | X32: =IFERROR(INDEX(Calc!$H$43:$H$46,MATCH(2,Calc!$J$43:$J$46,0)),0) -> 5 | Y32: =IFERROR(INDEX(Calc!$K$43:$K$46,MATCH(2,Calc!$J$43:$J$46,0)),0) -> 3 | Z32: =IFERROR(INDEX(Calc!$C$43:$C$46,MATCH(2,Calc!$J$43:$J$46,0)),0) -> 1 | AA32: =IFERROR(INDEX(Calc!$D$43:$D$46,MATCH(2,Calc!$J$43:$J$46,0)),0) -> 2 | AB32: =IFERROR(INDEX(Calc!$L$43:$L$46,MATCH(2,Calc!$J$43:$J$46,0)),0) -> 0 | AC32: =IFERROR(INDEX(Calc!$E$43:$E$46,MATCH(2,Calc!$J$43:$J$46,0)),0) -> 4 | AD32: =IFERROR(INDEX(Calc!$F$43:$F$46,MATCH(2,Calc!$J$43:$J$46,0)),0) -> 3 | AE32: =IFERROR(INDEX(Calc!$G$43:$G$46,MATCH(2,Calc!$J$43:$J$46,0)),0) -> 1 | AF32: =IFERROR(ROUND(INDEX(Calc!$H$43:$H$46,MATCH(2,Calc!$J$43:$J$46,0))/(INDEX(Calc!$K$43:$K$46,MATCH(2,Calc!$J$43:$J$46,0))*3)*100,0),0) -> 56 | AG32: 2 | AH32: =IFERROR(INDEX(Calc!$B$47:$B$50,MATCH(2,Calc!$J$47:$J$50,0)),"?") -> Croacia | AN32: =IFERROR(INDEX(Calc!$H$47:$H$50,MATCH(2,Calc!$J$47:$J$50,0)),0) -> 7 | AO32: =IFERROR(INDEX(Calc!$K$47:$K$50,MATCH(2,Calc!$J$47:$J$50,0)),0) -> 3 | AP32: =IFERROR(INDEX(Calc!$C$47:$C$50,MATCH(2,Calc!$J$47:$J$50,0)),0) -> 2 | AQ32: =IFERROR(INDEX(Calc!$D$47:$D$50,MATCH(2,Calc!$J$47:$J$50,0)),0) -> 1 | AR32: =IFERROR(INDEX(Calc!$L$47:$L$50,MATCH(2,Calc!$J$47:$J$50,0)),0) -> 0 | AS32: =IFERROR(INDEX(Calc!$E$47:$E$50,MATCH(2,Calc!$J$47:$J$50,0)),0) -> 5 | AT32: =IFERROR(INDEX(Calc!$F$47:$F$50,MATCH(2,Calc!$J$47:$J$50,0)),0) -> 3 | AU32: =IFERROR(INDEX(Calc!$G$47:$G$50,MATCH(2,Calc!$J$47:$J$50,0)),0) -> 2 | AV32: =IFERROR(ROUND(INDEX(Calc!$H$47:$H$50,MATCH(2,Calc!$J$47:$J$50,0))/(INDEX(Calc!$K$47:$K$50,MATCH(2,Calc!$J$47:$J$50,0))*3)*100,0),0) -> 78
A33: 3 | B33: =IFERROR(INDEX(Calc!$B$39:$B$42,MATCH(3,Calc!$J$39:$J$42,0)),"?") -> Argelia | H33: =IFERROR(INDEX(Calc!$H$39:$H$42,MATCH(3,Calc!$J$39:$J$42,0)),0) -> 2 | I33: =IFERROR(INDEX(Calc!$K$39:$K$42,MATCH(3,Calc!$J$39:$J$42,0)),0) -> 3 | J33: =IFERROR(INDEX(Calc!$C$39:$C$42,MATCH(3,Calc!$J$39:$J$42,0)),0) -> 0 | K33: =IFERROR(INDEX(Calc!$D$39:$D$42,MATCH(3,Calc!$J$39:$J$42,0)),0) -> 2 | L33: =IFERROR(INDEX(Calc!$L$39:$L$42,MATCH(3,Calc!$J$39:$J$42,0)),0) -> 1 | M33: =IFERROR(INDEX(Calc!$E$39:$E$42,MATCH(3,Calc!$J$39:$J$42,0)),0) -> 3 | N33: =IFERROR(INDEX(Calc!$F$39:$F$42,MATCH(3,Calc!$J$39:$J$42,0)),0) -> 4 | O33: =IFERROR(INDEX(Calc!$G$39:$G$42,MATCH(3,Calc!$J$39:$J$42,0)),0) -> -1 | P33: =IFERROR(ROUND(INDEX(Calc!$H$39:$H$42,MATCH(3,Calc!$J$39:$J$42,0))/(INDEX(Calc!$K$39:$K$42,MATCH(3,Calc!$J$39:$J$42,0))*3)*100,0),0) -> 22 | Q33: 3 | R33: =IFERROR(INDEX(Calc!$B$43:$B$46,MATCH(3,Calc!$J$43:$J$46,0)),"?") -> Uzbequistao | X33: =IFERROR(INDEX(Calc!$H$43:$H$46,MATCH(3,Calc!$J$43:$J$46,0)),0) -> 2 | Y33: =IFERROR(INDEX(Calc!$K$43:$K$46,MATCH(3,Calc!$J$43:$J$46,0)),0) -> 3 | Z33: =IFERROR(INDEX(Calc!$C$43:$C$46,MATCH(3,Calc!$J$43:$J$46,0)),0) -> 0 | AA33: =IFERROR(INDEX(Calc!$D$43:$D$46,MATCH(3,Calc!$J$43:$J$46,0)),0) -> 2 | AB33: =IFERROR(INDEX(Calc!$L$43:$L$46,MATCH(3,Calc!$J$43:$J$46,0)),0) -> 1 | AC33: =IFERROR(INDEX(Calc!$E$43:$E$46,MATCH(3,Calc!$J$43:$J$46,0)),0) -> 3 | AD33: =IFERROR(INDEX(Calc!$F$43:$F$46,MATCH(3,Calc!$J$43:$J$46,0)),0) -> 4 | AE33: =IFERROR(INDEX(Calc!$G$43:$G$46,MATCH(3,Calc!$J$43:$J$46,0)),0) -> -1 | AF33: =IFERROR(ROUND(INDEX(Calc!$H$43:$H$46,MATCH(3,Calc!$J$43:$J$46,0))/(INDEX(Calc!$K$43:$K$46,MATCH(3,Calc!$J$43:$J$46,0))*3)*100,0),0) -> 22 | AG33: 3 | AH33: =IFERROR(INDEX(Calc!$B$47:$B$50,MATCH(3,Calc!$J$47:$J$50,0)),"?") -> Gana | AN33: =IFERROR(INDEX(Calc!$H$47:$H$50,MATCH(3,Calc!$J$47:$J$50,0)),0) -> 1 | AO33: =IFERROR(INDEX(Calc!$K$47:$K$50,MATCH(3,Calc!$J$47:$J$50,0)),0) -> 3 | AP33: =IFERROR(INDEX(Calc!$C$47:$C$50,MATCH(3,Calc!$J$47:$J$50,0)),0) -> 0 | AQ33: =IFERROR(INDEX(Calc!$D$47:$D$50,MATCH(3,Calc!$J$47:$J$50,0)),0) -> 1 | AR33: =IFERROR(INDEX(Calc!$L$47:$L$50,MATCH(3,Calc!$J$47:$J$50,0)),0) -> 2 | AS33: =IFERROR(INDEX(Calc!$E$47:$E$50,MATCH(3,Calc!$J$47:$J$50,0)),0) -> 3 | AT33: =IFERROR(INDEX(Calc!$F$47:$F$50,MATCH(3,Calc!$J$47:$J$50,0)),0) -> 5 | AU33: =IFERROR(INDEX(Calc!$G$47:$G$50,MATCH(3,Calc!$J$47:$J$50,0)),0) -> -2 | AV33: =IFERROR(ROUND(INDEX(Calc!$H$47:$H$50,MATCH(3,Calc!$J$47:$J$50,0))/(INDEX(Calc!$K$47:$K$50,MATCH(3,Calc!$J$47:$J$50,0))*3)*100,0),0) -> 11
A34: 4 | B34: =IFERROR(INDEX(Calc!$B$39:$B$42,MATCH(4,Calc!$J$39:$J$42,0)),"?") -> Jordania | H34: =IFERROR(INDEX(Calc!$H$39:$H$42,MATCH(4,Calc!$J$39:$J$42,0)),0) -> 2 | I34: =IFERROR(INDEX(Calc!$K$39:$K$42,MATCH(4,Calc!$J$39:$J$42,0)),0) -> 3 | J34: =IFERROR(INDEX(Calc!$C$39:$C$42,MATCH(4,Calc!$J$39:$J$42,0)),0) -> 0 | K34: =IFERROR(INDEX(Calc!$D$39:$D$42,MATCH(4,Calc!$J$39:$J$42,0)),0) -> 2 | L34: =IFERROR(INDEX(Calc!$L$39:$L$42,MATCH(4,Calc!$J$39:$J$42,0)),0) -> 1 | M34: =IFERROR(INDEX(Calc!$E$39:$E$42,MATCH(4,Calc!$J$39:$J$42,0)),0) -> 3 | N34: =IFERROR(INDEX(Calc!$F$39:$F$42,MATCH(4,Calc!$J$39:$J$42,0)),0) -> 4 | O34: =IFERROR(INDEX(Calc!$G$39:$G$42,MATCH(4,Calc!$J$39:$J$42,0)),0) -> -1 | P34: =IFERROR(ROUND(INDEX(Calc!$H$39:$H$42,MATCH(4,Calc!$J$39:$J$42,0))/(INDEX(Calc!$K$39:$K$42,MATCH(4,Calc!$J$39:$J$42,0))*3)*100,0),0) -> 22 | Q34: 4 | R34: =IFERROR(INDEX(Calc!$B$43:$B$46,MATCH(4,Calc!$J$43:$J$46,0)),"?") -> RD Congo | X34: =IFERROR(INDEX(Calc!$H$43:$H$46,MATCH(4,Calc!$J$43:$J$46,0)),0) -> 1 | Y34: =IFERROR(INDEX(Calc!$K$43:$K$46,MATCH(4,Calc!$J$43:$J$46,0)),0) -> 3 | Z34: =IFERROR(INDEX(Calc!$C$43:$C$46,MATCH(4,Calc!$J$43:$J$46,0)),0) -> 0 | AA34: =IFERROR(INDEX(Calc!$D$43:$D$46,MATCH(4,Calc!$J$43:$J$46,0)),0) -> 1 | AB34: =IFERROR(INDEX(Calc!$L$43:$L$46,MATCH(4,Calc!$J$43:$J$46,0)),0) -> 2 | AC34: =IFERROR(INDEX(Calc!$E$43:$E$46,MATCH(4,Calc!$J$43:$J$46,0)),0) -> 3 | AD34: =IFERROR(INDEX(Calc!$F$43:$F$46,MATCH(4,Calc!$J$43:$J$46,0)),0) -> 5 | AE34: =IFERROR(INDEX(Calc!$G$43:$G$46,MATCH(4,Calc!$J$43:$J$46,0)),0) -> -2 | AF34: =IFERROR(ROUND(INDEX(Calc!$H$43:$H$46,MATCH(4,Calc!$J$43:$J$46,0))/(INDEX(Calc!$K$43:$K$46,MATCH(4,Calc!$J$43:$J$46,0))*3)*100,0),0) -> 11 | AG34: 4 | AH34: =IFERROR(INDEX(Calc!$B$47:$B$50,MATCH(4,Calc!$J$47:$J$50,0)),"?") -> Panama | AN34: =IFERROR(INDEX(Calc!$H$47:$H$50,MATCH(4,Calc!$J$47:$J$50,0)),0) -> 1 | AO34: =IFERROR(INDEX(Calc!$K$47:$K$50,MATCH(4,Calc!$J$47:$J$50,0)),0) -> 3 | AP34: =IFERROR(INDEX(Calc!$C$47:$C$50,MATCH(4,Calc!$J$47:$J$50,0)),0) -> 0 | AQ34: =IFERROR(INDEX(Calc!$D$47:$D$50,MATCH(4,Calc!$J$47:$J$50,0)),0) -> 1 | AR34: =IFERROR(INDEX(Calc!$L$47:$L$50,MATCH(4,Calc!$J$47:$J$50,0)),0) -> 2 | AS34: =IFERROR(INDEX(Calc!$E$47:$E$50,MATCH(4,Calc!$J$47:$J$50,0)),0) -> 3 | AT34: =IFERROR(INDEX(Calc!$F$47:$F$50,MATCH(4,Calc!$J$47:$J$50,0)),0) -> 5 | AU34: =IFERROR(INDEX(Calc!$G$47:$G$50,MATCH(4,Calc!$J$47:$J$50,0)),0) -> -2 | AV34: =IFERROR(ROUND(INDEX(Calc!$H$47:$H$50,MATCH(4,Calc!$J$47:$J$50,0))/(INDEX(Calc!$K$47:$K$50,MATCH(4,Calc!$J$47:$J$50,0))*3)*100,0),0) -> 11

Sheet Jogadores
A1: Seleção | B1: Jogador | D1: Seleções
A2: Arábia Saudita | B2: Mohammed Al-Owais | D2: Mexico
A3: Arábia Saudita | B3: Nawaf Al-Aqidi | D3: Africa do Sul
A4: Arábia Saudita | B4: Ahmed Al-Kassar | D4: Coreia do Sul
A5: Arábia Saudita | B5: Ali Al-Bulayhi | D5: Tchequia
A6: Arábia Saudita | B6: Hassan Kadesh | D6: Canada
A7: Arábia Saudita | B7: Yasir Al-Shahrani | D7: Bosnia e Herzegovina
A8: Arábia Saudita | B8: Nawaf Boushal | D8: Qatar
A9: Arábia Saudita | B9: Sultan Al-Ghannam | D9: Suica
A10: Arábia Saudita | B10: Nasser Al-Dawsari | D10: Brasil
A11: Arábia Saudita | B11: Musab Al-Juwayr | D11: Marrocos
A12: Arábia Saudita | B12: Faisal Al-Ghamdi | D12: Haiti
... A49: Iraque | B49: Hussein Ali | D49: Panama
A50: Iraque | B50: Zaid Tahseen
A51: Iraque | B51: Ali Jasim
A52: Iraque | B52: Ibrahim Bayesh
A53: Iraque | B53: Zidane Iqbal
A54: Iraque | B54: Amir Al-Ammari
A55: Iraque | B55: Osama Rashid
A56: Iraque | B56: Youssef Amyn
A57: Iraque | B57: Mohanad Ali
A58: Iraque | B58: Aymen Hussein
A59: Iraque | B59: Ali Al-Hamadi
A60: Iraque | B60: Marko Farji
A61: Iraque | B61: Peter Gwargis
... A817: Turquia | B817: İsmail Yüksek

Sheet Calc
A1: CALC - CLASSIFICACAO DO APOSTADOR (Auxiliar nao editar)
A3: A | B3: Mexico | C3: =IF(AND(ISNUMBER('Apostas - Grupos'!B5),ISNUMBER('Apostas - Grupos'!C5)),IF('Apostas - Grupos'!B5>'Apostas - Grupos'!C5,1,0),0)+IF(AND(ISNUMBER('Apostas - Grupos'!H5),ISNUMBER('Apostas - Grupos'!I5)),IF('Apostas - Grupos'!H5>'Apostas - Grupos'!I5,1,0),0)+IF(AND(ISNUMBER('Apostas - Grupos'!J5),ISNUMBER('Apostas - Grupos'!K5)),IF('Apostas - Grupos'!K5>'Apostas - Grupos'!J5,1,0),0) -> 3 | D3: =IF(AND(ISNUMBER('Apostas - Grupos'!B5),ISNUMBER('Apostas - Grupos'!C5)),IF('Apostas - Grupos'!B5='Apostas - Grupos'!C5,1,0),0)+IF(AND(ISNUMBER('Apostas - Grupos'!H5),ISNUMBER('Apostas - Grupos'!I5)),IF('Apostas - Grupos'!H5='Apostas - Grupos'!I5,1,0),0)+IF(AND(ISNUMBER('Apostas - Grupos'!J5),ISNUMBER('Apostas - Grupos'!K5)),IF('Apostas - Grupos'!J5='Apostas - Grupos'!K5,1,0),0) -> 0 | E3: =IF(ISNUMBER('Apostas - Grupos'!B5),'Apostas - Grupos'!B5,0)+IF(ISNUMBER('Apostas - Grupos'!H5),'Apostas - Grupos'!H5,0)+IF(ISNUMBER('Apostas - Grupos'!J5),'Apostas - Grupos'!K5,0) -> 6 | F3: =IF(ISNUMBER('Apostas - Grupos'!B5),'Apostas - Grupos'!C5,0)+IF(ISNUMBER('Apostas - Grupos'!H5),'Apostas - Grupos'!I5,0)+IF(ISNUMBER('Apostas - Grupos'!J5),'Apostas - Grupos'!J5,0) -> 2 | G3: =E3-F3 -> 4 | H3: =3*C3+D3 -> 9 | I3: =H3*1000000000+(G3+200)*1000000+E3*1000+(500-M3) -> 9204006484 | J3: =RANK(I3,$I$3:$I$6,0) -> 1 | K3: =IF(AND(ISNUMBER('Apostas - Grupos'!B5),ISNUMBER('Apostas - Grupos'!C5)),1,0)+IF(AND(ISNUMBER('Apostas - Grupos'!H5),ISNUMBER('Apostas - Grupos'!I5)),1,0)+IF(AND(ISNUMBER('Apostas - Grupos'!J5),ISNUMBER('Apostas - Grupos'!K5)),1,0) -> 3 | L3: =K3-C3-D3 -> 0 | M3: 16
A4: A | B4: Africa do Sul | C4: =IF(AND(ISNUMBER('Apostas - Grupos'!B5),ISNUMBER('Apostas - Grupos'!C5)),IF('Apostas - Grupos'!C5>'Apostas - Grupos'!B5,1,0),0)+IF(AND(ISNUMBER('Apostas - Grupos'!F5),ISNUMBER('Apostas - Grupos'!G5)),IF('Apostas - Grupos'!G5>'Apostas - Grupos'!F5,1,0),0)+IF(AND(ISNUMBER('Apostas - Grupos'!L5),ISNUMBER('Apostas - Grupos'!M5)),IF('Apostas - Grupos'!L5>'Apostas - Grupos'!M5,1,0),0) -> 0 | D4: =IF(AND(ISNUMBER('Apostas - Grupos'!B5),ISNUMBER('Apostas - Grupos'!C5)),IF('Apostas - Grupos'!B5='Apostas - Grupos'!C5,1,0),0)+IF(AND(ISNUMBER('Apostas - Grupos'!F5),ISNUMBER('Apostas - Grupos'!G5)),IF('Apostas - Grupos'!F5='Apostas - Grupos'!G5,1,0),0)+IF(AND(ISNUMBER('Apostas - Grupos'!L5),ISNUMBER('Apostas - Grupos'!M5)),IF('Apostas - Grupos'!L5='Apostas - Grupos'!M5,1,0),0) -> 2 | E4: =IF(ISNUMBER('Apostas - Grupos'!B5),'Apostas - Grupos'!C5,0)+IF(ISNUMBER('Apostas - Grupos'!F5),'Apostas - Grupos'!G5,0)+IF(ISNUMBER('Apostas - Grupos'!L5),'Apostas - Grupos'!L5,0) -> 2 | F4: =IF(ISNUMBER('Apostas - Grupos'!B5),'Apostas - Grupos'!B5,0)+IF(ISNUMBER('Apostas - Grupos'!F5),'Apostas - Grupos'!F5,0)+IF(ISNUMBER('Apostas - Grupos'!L5),'Apostas - Grupos'!M5,0) -> 4 | G4: =E4-F4 -> -2 | H4: =3*C4+D4 -> 2 | I4: =H4*1000000000+(G4+200)*1000000+E4*1000+(500-M4) -> 2198002437 | J4: =RANK(I4,$I$3:$I$6,0) -> 4 | K4: =IF(AND(ISNUMBER('Apostas - Grupos'!B5),ISNUMBER('Apostas - Grupos'!C5)),1,0)+IF(AND(ISNUMBER('Apostas - Grupos'!F5),ISNUMBER('Apostas - Grupos'!G5)),1,0)+IF(AND(ISNUMBER('Apostas - Grupos'!L5),ISNUMBER('Apostas - Grupos'!M5)),1,0) -> 3 | L4: =K4-C4-D4 -> 1 | M4: 63
A5: A | B5: Coreia do Sul | C5: =IF(AND(ISNUMBER('Apostas - Grupos'!D5),ISNUMBER('Apostas - Grupos'!E5)),IF('Apostas - Grupos'!D5>'Apostas - Grupos'!E5,1,0),0)+IF(AND(ISNUMBER('Apostas - Grupos'!H5),ISNUMBER('Apostas - Grupos'!I5)),IF('Apostas - Grupos'!I5>'Apostas - Grupos'!H5,1,0),0)+IF(AND(ISNUMBER('Apostas - Grupos'!L5),ISNUMBER('Apostas - Grupos'!M5)),IF('Apostas - Grupos'!M5>'Apostas - Grupos'!L5,1,0),0) -> 0 | D5: =IF(AND(ISNUMBER('Apostas - Grupos'!D5),ISNUMBER('Apostas - Grupos'!E5)),IF('Apostas - Grupos'!D5='Apostas - Grupos'!E5,1,0),0)+IF(AND(ISNUMBER('Apostas - Grupos'!H5),ISNUMBER('Apostas - Grupos'!I5)),IF('Apostas - Grupos'!H5='Apostas - Grupos'!I5,1,0),0)+IF(AND(ISNUMBER('Apostas - Grupos'!L5),ISNUMBER('Apostas - Grupos'!M5)),IF('Apostas - Grupos'!L5='Apostas - Grupos'!M5,1,0),0) -> 2 | E5: =IF(ISNUMBER('Apostas - Grupos'!D5),'Apostas - Grupos'!D5,0)+IF(ISNUMBER('Apostas - Grupos'!H5),'Apostas - Grupos'!I5,0)+IF(ISNUMBER('Apostas - Grupos'!L5),'Apostas - Grupos'!M5,0) -> 3 | F5: =IF(ISNUMBER('Apostas - Grupos'!D5),'Apostas - Grupos'!E5,0)+IF(ISNUMBER('Apostas - Grupos'!H5),'Apostas - Grupos'!H5,0)+IF(ISNUMBER('Apostas - Grupos'!L5),'Apostas - Grupos'!L5,0) -> 4 | G5: =E5-F5 -> -1 | H5: =3*C5+D5 -> 2 | I5: =H5*1000000000+(G5+200)*1000000+E5*1000+(500-M5) -> 2199003477 | J5: =RANK(I5,$I$3:$I$6,0) -> 2 | K5: =IF(AND(ISNUMBER('Apostas - Grupos'!D5),ISNUMBER('Apostas - Grupos'!E5)),1,0)+IF(AND(ISNUMBER('Apostas - Grupos'!H5),ISNUMBER('Apostas - Grupos'!I5)),1,0)+IF(AND(ISNUMBER('Apostas - Grupos'!L5),ISNUMBER('Apostas - Grupos'!M5)),1,0) -> 3 | L5: =K5-C5-D5 -> 1 | M5: 23
A6: A | B6: Tchequia | C6: =IF(AND(ISNUMBER('Apostas - Grupos'!D5),ISNUMBER('Apostas - Grupos'!E5)),IF('Apostas - Grupos'!E5>'Apostas - Grupos'!D5,1,0),0)+IF(AND(ISNUMBER('Apostas - Grupos'!F5),ISNUMBER('Apostas - Grupos'!G5)),IF('Apostas - Grupos'!F5>'Apostas - Grupos'!G5,1,0),0)+IF(AND(ISNUMBER('Apostas - Grupos'!J5),ISNUMBER('Apostas - Grupos'!K5)),IF('Apostas - Grupos'!J5>'Apostas - Grupos'!K5,1,0),0) -> 0 | D6: =IF(AND(ISNUMBER('Apostas - Grupos'!D5),ISNUMBER('Apostas - Grupos'!E5)),IF('Apostas - Grupos'!D5='Apostas - Grupos'!E5,1,0),0)+IF(AND(ISNUMBER('Apostas - Grupos'!F5),ISNUMBER('Apostas - Grupos'!G5)),IF('Apostas - Grupos'!F5='Apostas - Grupos'!G5,1,0),0)+IF(AND(ISNUMBER('Apostas - Grupos'!J5),ISNUMBER('Apostas - Grupos'!K5)),IF('Apostas - Grupos'!J5='Apostas - Grupos'!K5,1,0),0) -> 2 | E6: =IF(ISNUMBER('Apostas - Grupos'!D5),'Apostas - Grupos'!E5,0)+IF(ISNUMBER('Apostas - Grupos'!F5),'Apostas - Grupos'!F5,0)+IF(ISNUMBER('Apostas - Grupos'!J5),'Apostas - Grupos'!J5,0) -> 3 | F6: =IF(ISNUMBER('Apostas - Grupos'!D5),'Apostas - Grupos'!D5,0)+IF(ISNUMBER('Apostas - Grupos'!F5),'Apostas - Grupos'!G5,0)+IF(ISNUMBER('Apostas - Grupos'!J5),'Apostas - Grupos'!K5,0) -> 4 | G6: =E6-F6 -> -1 | H6: =3*C6+D6 -> 2 | I6: =H6*1000000000+(G6+200)*1000000+E6*1000+(500-M6) -> 2199003462 | J6: =RANK(I6,$I$3:$I$6,0) -> 3 | K6: =IF(AND(ISNUMBER('Apostas - Grupos'!D5),ISNUMBER('Apostas - Grupos'!E5)),1,0)+IF(AND(ISNUMBER('Apostas - Grupos'!F5),ISNUMBER('Apostas - Grupos'!G5)),1,0)+IF(AND(ISNUMBER('Apostas - Grupos'!J5),ISNUMBER('Apostas - Grupos'!K5)),1,0) -> 3 | L6: =K6-C6-D6 -> 1 | M6: 38
A7: B | B7: Canada | C7: =IF(AND(ISNUMBER('Apostas - Grupos'!N5),ISNUMBER('Apostas - Grupos'!O5)),IF('Apostas - Grupos'!N5>'Apostas - Grupos'!O5,1,0),0)+IF(AND(ISNUMBER('Apostas - Grupos'!T5),ISNUMBER('Apostas - Grupos'!U5)),IF('Apostas - Grupos'!T5>'Apostas - Grupos'!U5,1,0),0)+IF(AND(ISNUMBER('Apostas - Grupos'!V5),ISNUMBER('Apostas - Grupos'!W5)),IF('Apostas - Grupos'!W5>'Apostas - Grupos'!V5,1,0),0) -> 2 | D7: =IF(AND(ISNUMBER('Apostas - Grupos'!N5),ISNUMBER('Apostas - Grupos'!O5)),IF('Apostas - Grupos'!N5='Apostas - Grupos'!O5,1,0),0)+IF(AND(ISNUMBER('Apostas - Grupos'!T5),ISNUMBER('Apostas - Grupos'!U5)),IF('Apostas - Grupos'!T5='Apostas - Grupos'!U5,1,0),0)+IF(AND(ISNUMBER('Apostas - Grupos'!V5),ISNUMBER('Apostas - Grupos'!W5)),IF('Apostas - Grupos'!V5='Apostas - Grupos'!W5,1,0),0) -> 1 | E7: =IF(ISNUMBER('Apostas - Grupos'!N5),'Apostas - Grupos'!N5,0)+IF(ISNUMBER('Apostas - Grupos'!T5),'Apostas - Grupos'!T5,0)+IF(ISNUMBER('Apostas - Grupos'!V5),'Apostas - Grupos'!W5,0) -> 5 | F7: =IF(ISNUMBER('Apostas - Grupos'!N5),'Apostas - Grupos'!O5,0)+IF(ISNUMBER('Apostas - Grupos'!T5),'Apostas - Grupos'!U5,0)+IF(ISNUMBER('Apostas - Grupos'!V5),'Apostas - Grupos'!V5,0) -> 3 | G7: =E7-F7 -> 2 | H7: =3*C7+D7 -> 7 | I7: =H7*1000000000+(G7+200)*1000000+E7*1000+(500-M7) -> 7202005456 | J7: =RANK(I7,$I$7:$I$10,0) -> 1 | K7: =IF(AND(ISNUMBER('Apostas - Grupos'!N5),ISNUMBER('Apostas - Grupos'!O5)),1,0)+IF(AND(ISNUMBER('Apostas - Grupos'!T5),ISNUMBER('Apostas - Grupos'!U5)),1,0)+IF(AND(ISNUMBER('Apostas - Grupos'!V5),ISNUMBER('Apostas - Grupos'!W5)),1,0) -> 3 | L7: =K7-C7-D7 -> 0 | M7: 44
A8: B | B8: Bosnia e Herzegovina | C8: =IF(AND(ISNUMBER('Apostas - Grupos'!N5),ISNUMBER('Apostas - Grupos'!O5)),IF('Apostas - Grupos'!O5>'Apostas - Grupos'!N5,1,0),0)+IF(AND(ISNUMBER('Apostas - Grupos'!R5),ISNUMBER('Apostas - Grupos'!S5)),IF('Apostas - Grupos'!S5>'Apostas - Grupos'!R5,1,0),0)+IF(AND(ISNUMBER('Apostas - Grupos'!X5),ISNUMBER('Apostas - Grupos'!Y5)),IF('Apostas - Grupos'!X5>'Apostas - Grupos'!Y5,1,0),0) -> 0 | D8: =IF(AND(ISNUMBER('Apostas - Grupos'!N5),ISNUMBER('Apostas - Grupos'!O5)),IF('Apostas - Grupos'!N5='Apostas - Grupos'!O5,1,0),0)+IF(AND(ISNUMBER('Apostas - Grupos'!R5),ISNUMBER('Apostas - Grupos'!S5)),IF('Apostas - Grupos'!R5='Apostas - Grupos'!S5,1,0),0)+IF(AND(ISNUMBER('Apostas - Grupos'!X5),ISNUMBER('Apostas - Grupos'!Y5)),IF('Apostas - Grupos'!X5='Apostas - Grupos'!Y5,1,0),0) -> 2 | E8: =IF(ISNUMBER('Apostas - Grupos'!N5),'Apostas - Grupos'!O5,0)+IF(ISNUMBER('Apostas - Grupos'!R5),'Apostas - Grupos'!S5,0)+IF(ISNUMBER('Apostas - Grupos'!X5),'Apostas - Grupos'!X5,0) -> 3 | F8: =IF(ISNUMBER('Apostas - Grupos'!N5),'Apostas - Grupos'!N5,0)+IF(ISNUMBER('Apostas - Grupos'!R5),'Apostas - Grupos'!R5,0)+IF(ISNUMBER('Apostas - Grupos'!X5),'Apostas - Grupos'!Y5,0) -> 4 | G8: =E8-F8 -> -1 | H8: =3*C8+D8 -> 2 | I8: =H8*1000000000+(G8+200)*1000000+E8*1000+(500-M8) -> 2199003445 | J8: =RANK(I8,$I$7:$I$10,0) -> 3 | K8: =IF(AND(ISNUMBER('Apostas - Grupos'!N5),ISNUMBER('Apostas - Grupos'!O5)),1,0)+IF(AND(ISNUMBER('Apostas - Grupos'!R5),ISNUMBER('Apostas - Grupos'!S5)),1,0)+IF(AND(ISNUMBER('Apostas - Grupos'!X5),ISNUMBER('Apostas - Grupos'!Y5)),1,0) -> 3 | L8: =K8-C8-D8 -> 1 | M8: 55
A9: B | B9: Qatar | C9: =IF(AND(ISNUMBER('Apostas - Grupos'!P5),ISNUMBER('Apostas - Grupos'!Q5)),IF('Apostas - Grupos'!P5>'Apostas - Grupos'!Q5,1,0),0)+IF(AND(ISNUMBER('Apostas - Grupos'!T5),ISNUMBER('Apostas - Grupos'!U5)),IF('Apostas - Grupos'!U5>'Apostas - Grupos'!T5,1,0),0)+IF(AND(ISNUMBER('Apostas - Grupos'!X5),ISNUMBER('Apostas - Grupos'!Y5)),IF('Apostas - Grupos'!Y5>'Apostas - Grupos'!X5,1,0),0) -> 0 | D9: =IF(AND(ISNUMBER('Apostas - Grupos'!P5),ISNUMBER('Apostas - Grupos'!Q5)),IF('Apostas - Grupos'!P5='Apostas - Grupos'!Q5,1,0),0)+IF(AND(ISNUMBER('Apostas - Grupos'!T5),ISNUMBER('Apostas - Grupos'!U5)),IF('Apostas - Grupos'!T5='Apostas - Grupos'!U5,1,0),0)+IF(AND(ISNUMBER('Apostas - Grupos'!X5),ISNUMBER('Apostas - Grupos'!Y5)),IF('Apostas - Grupos'!X5='Apostas - Grupos'!Y5,1,0),0) -> 1 | E9: =IF(ISNUMBER('Apostas - Grupos'!P5),'Apostas - Grupos'!P5,0)+IF(ISNUMBER('Apostas - Grupos'!T5),'Apostas - Grupos'!U5,0)+IF(ISNUMBER('Apostas - Grupos'!X5),'Apostas - Grupos'!Y5,0) -> 2 | F9: =IF(ISNUMBER('Apostas - Grupos'!P5),'Apostas - Grupos'!Q5,0)+IF(ISNUMBER('Apostas - Grupos'!T5),'Apostas - Grupos'!T5,0)+IF(ISNUMBER('Apostas - Grupos'!X5),'Apostas - Grupos'!X5,0) -> 5 | G9: =E9-F9 -> -3 | H9: =3*C9+D9 -> 1 | I9: =H9*1000000000+(G9+200)*1000000+E9*1000+(500-M9) -> 1197002462 | J9: =RANK(I9,$I$7:$I$10,0) -> 4 | K9: =IF(AND(ISNUMBER('Apostas - Grupos'!P5),ISNUMBER('Apostas - Grupos'!Q5)),1,0)+IF(AND(ISNUMBER('Apostas - Grupos'!T5),ISNUMBER('Apostas - Grupos'!U5)),1,0)+IF(AND(ISNUMBER('Apostas - Grupos'!X5),ISNUMBER('Apostas - Grupos'!Y5)),1,0) -> 3 | L9: =K9-C9-D9 -> 2 | M9: 38
A10: B | B10: Suica | C10: =IF(AND(ISNUMBER('Apostas - Grupos'!P5),ISNUMBER('Apostas - Grupos'!Q5)),IF('Apostas - Grupos'!Q5>'Apostas - Grupos'!P5,1,0),0)+IF(AND(ISNUMBER('Apostas - Grupos'!R5),ISNUMBER('Apostas - Grupos'!S5)),IF('Apostas - Grupos'!R5>'Apostas - Grupos'!S5,1,0),0)+IF(AND(ISNUMBER('Apostas - Grupos'!V5),ISNUMBER('Apostas - Grupos'!W5)),IF('Apostas - Grupos'!V5>'Apostas - Grupos'!W5,1,0),0) -> 1 | D10: =IF(AND(ISNUMBER('Apostas - Grupos'!P5),ISNUMBER('Apostas - Grupos'!Q5)),IF('Apostas - Grupos'!P5='Apostas - Grupos'!Q5,1,0),0)+IF(AND(ISNUMBER('Apostas - Grupos'!R5),ISNUMBER('Apostas - Grupos'!S5)),IF('Apostas - Grupos'!R5='Apostas - Grupos'!S5,1,0),0)+IF(AND(ISNUMBER('Apostas - Grupos'!V5),ISNUMBER('Apostas - Grupos'!W5)),IF('Apostas - Grupos'!V5='Apostas - Grupos'!W5,1,0),0) -> 2 | E10: =IF(ISNUMBER('Apostas - Grupos'!P5),'Apostas - Grupos'!Q5,0)+IF(ISNUMBER('Apostas - Grupos'!R5),'Apostas - Grupos'!R5,0)+IF(ISNUMBER('Apostas - Grupos'!V5),'Apostas - Grupos'!V5,0) -> 4 | F10: =IF(ISNUMBER('Apostas - Grupos'!P5),'Apostas - Grupos'!P5,0)+IF(ISNUMBER('Apostas - Grupos'!R5),'Apostas - Grupos'!S5,0)+IF(ISNUMBER('Apostas - Grupos'!V5),'Apostas - Grupos'!W5,0) -> 2 | G10: =E10-F10 -> 2 | H10: =3*C10+D10 -> 5 | I10: =H10*1000000000+(G10+200)*1000000+E10*1000+(500-M10) -> 5202004480 | J10: =RANK(I10,$I$7:$I$10,0) -> 2 | K10: =IF(AND(ISNUMBER('Apostas - Grupos'!P5),ISNUMBER('Apostas - Grupos'!Q5)),1,0)+IF(AND(ISNUMBER('Apostas - Grupos'!R5),ISNUMBER('Apostas - Grupos'!S5)),1,0)+IF(AND(ISNUMBER('Apostas - Grupos'!V5),ISNUMBER('Apostas - Grupos'!W5)),1,0) -> 3 | L10: =K10-C10-D10 -> 0 | M10: 20
A11: C | B11: Brasil | C11: =IF(AND(ISNUMBER('Apostas - Grupos'!Z5),ISNUMBER('Apostas - Grupos'!AA5)),IF('Apostas - Grupos'!Z5>'Apostas - Grupos'!AA5,1,0),0)+IF(AND(ISNUMBER('Apostas - Grupos'!AF5),ISNUMBER('Apostas - Grupos'!AG5)),IF('Apostas - Grupos'!AF5>'Apostas - Grupos'!AG5,1,0),0)+IF(AND(ISNUMBER('Apostas - Grupos'!AH5),ISNUMBER('Apostas - Grupos'!AI5)),IF('Apostas - Grupos'!AI5>'Apostas - Grupos'!AH5,1,0),0) -> 3 | D11: =IF(AND(ISNUMBER('Apostas - Grupos'!Z5),ISNUMBER('Apostas - Grupos'!AA5)),IF('Apostas - Grupos'!Z5='Apostas - Grupos'!AA5,1,0),0)+IF(AND(ISNUMBER('Apostas - Grupos'!AF5),ISNUMBER('Apostas - Grupos'!AG5)),IF('Apostas - Grupos'!AF5='Apostas - Grupos'!AG5,1,0),0)+IF(AND(ISNUMBER('Apostas - Grupos'!AH5),ISNUMBER('Apostas - Grupos'!AI5)),IF('Apostas - Grupos'!AH5='Apostas - Grupos'!AI5,1,0),0) -> 0 | E11: =IF(ISNUMBER('Apostas - Grupos'!Z5),'Apostas - Grupos'!Z5,0)+IF(ISNUMBER('Apostas - Grupos'!AF5),'Apostas - Grupos'!AF5,0)+IF(ISNUMBER('Apostas - Grupos'!AH5),'Apostas - Grupos'!AI5,0) -> 6 | F11: =IF(ISNUMBER('Apostas - Grupos'!Z5),'Apostas - Grupos'!AA5,0)+IF(ISNUMBER('Apostas - Grupos'!AF5),'Apostas - Grupos'!AG5,0)+IF(ISNUMBER('Apostas - Grupos'!AH5),'Apostas - Grupos'!AH5,0) -> 3 | G11: =E11-F11 -> 3 | H11: =3*C11+D11 -> 9 | I11: =H11*1000000000+(G11+200)*1000000+E11*1000+(500-M11) -> 9203006495 | J11: =RANK(I11,$I$11:$I$14,0) -> 1 | K11: =IF(AND(ISNUMBER('Apostas - Grupos'!Z5),ISNUMBER('Apostas - Grupos'!AA5)),1,0)+IF(AND(ISNUMBER('Apostas - Grupos'!AF5),ISNUMBER('Apostas - Grupos'!AG5)),1,0)+IF(AND(ISNUMBER('Apostas - Grupos'!AH5),ISNUMBER('Apostas - Grupos'!AI5)),1,0) -> 3 | L11: =K11-C11-D11 -> 0 | M11: 5
A12: C | B12: Marrocos | C12: =IF(AND(ISNUMBER('Apostas - Grupos'!Z5),ISNUMBER('Apostas - Grupos'!AA5)),IF('Apostas - Grupos'!AA5>'Apostas - Grupos'!Z5,1,0),0)+IF(AND(ISNUMBER('Apostas - Grupos'!AD5),ISNUMBER('Apostas - Grupos'!AE5)),IF('Apostas - Grupos'!AE5>'Apostas - Grupos'!AD5,1,0),0)+IF(AND(ISNUMBER('Apostas - Grupos'!AJ5),ISNUMBER('Apostas - Grupos'!AK5)),IF('Apostas - Grupos'!AJ5>'Apostas - Grupos'!AK5,1,0),0) -> 0 | D12: =IF(AND(ISNUMBER('Apostas - Grupos'!Z5),ISNUMBER('Apostas - Grupos'!AA5)),IF('Apostas - Grupos'!Z5='Apostas - Grupos'!AA5,1,0),0)+IF(AND(ISNUMBER('Apostas - Grupos'!AD5),ISNUMBER('Apostas - Grupos'!AE5)),IF('Apostas - Grupos'!AD5='Apostas - Grupos'!AE5,1,0),0)+IF(AND(ISNUMBER('Apostas - Grupos'!AJ5),ISNUMBER('Apostas - Grupos'!AK5)),IF('Apostas - Grupos'!AJ5='Apostas - Grupos'!AK5,1,0),0) -> 2 | E12: =IF(ISNUMBER('Apostas - Grupos'!Z5),'Apostas - Grupos'!AA5,0)+IF(ISNUMBER('Apostas - Grupos'!AD5),'Apostas - Grupos'!AE5,0)+IF(ISNUMBER('Apostas - Grupos'!AJ5),'Apostas - Grupos'!AJ5,0) -> 3 | F12: =IF(ISNUMBER('Apostas - Grupos'!Z5),'Apostas - Grupos'!Z5,0)+IF(ISNUMBER('Apostas - Grupos'!AD5),'Apostas - Grupos'!AD5,0)+IF(ISNUMBER('Apostas - Grupos'!AJ5),'Apostas - Grupos'!AK5,0) -> 4 | G12: =E12-F12 -> -1 | H12: =3*C12+D12 -> 2 | I12: =H12*1000000000+(G12+200)*1000000+E12*1000+(500-M12) -> 2199003486 | J12: =RANK(I12,$I$11:$I$14,0) -> 2 | K12: =IF(AND(ISNUMBER('Apostas - Grupos'!Z5),ISNUMBER('Apostas - Grupos'!AA5)),1,0)+IF(AND(ISNUMBER('Apostas - Grupos'!AD5),ISNUMBER('Apostas - Grupos'!AE5)),1,0)+IF(AND(ISNUMBER('Apostas - Grupos'!AJ5),ISNUMBER('Apostas - Grupos'!AK5)),1,0) -> 3 | L12: =K12-C12-D12 -> 1 | M12: 14
A13: C | B13: Haiti | C13: =IF(AND(ISNUMBER('Apostas - Grupos'!AB5),ISNUMBER('Apostas - Grupos'!AC5)),IF('Apostas - Grupos'!AB5>'Apostas - Grupos'!AC5,1,0),0)+IF(AND(ISNUMBER('Apostas - Grupos'!AF5),ISNUMBER('Apostas - Grupos'!AG5)),IF('Apostas - Grupos'!AG5>'Apostas - Grupos'!AF5,1,0),0)+IF(AND(ISNUMBER('Apostas - Grupos'!AJ5),ISNUMBER('Apostas - Grupos'!AK5)),IF('Apostas - Grupos'!AK5>'Apostas - Grupos'!AJ5,1,0),0) -> 0 | D13: =IF(AND(ISNUMBER('Apostas - Grupos'!AB5),ISNUMBER('Apostas - Grupos'!AC5)),IF('Apostas - Grupos'!AB5='Apostas - Grupos'!AC5,1,0),0)+IF(AND(ISNUMBER('Apostas - Grupos'!AF5),ISNUMBER('Apostas - Grupos'!AG5)),IF('Apostas - Grupos'!AF5='Apostas - Grupos'!AG5,1,0),0)+IF(AND(ISNUMBER('Apostas - Grupos'!AJ5),ISNUMBER('Apostas - Grupos'!AK5)),IF('Apostas - Grupos'!AJ5='Apostas - Grupos'!AK5,1,0),0) -> 2 | E13: =IF(ISNUMBER('Apostas - Grupos'!AB5),'Apostas - Grupos'!AB5,0)+IF(ISNUMBER('Apostas - Grupos'!AF5),'Apostas - Grupos'!AG5,0)+IF(ISNUMBER('Apostas - Grupos'!AJ5),'Apostas - Grupos'!AK5,0) -> 3 | F13: =IF(ISNUMBER('Apostas - Grupos'!AB5),'Apostas - Grupos'!AC5,0)+IF(ISNUMBER('Apostas - Grupos'!AF5),'Apostas - Grupos'!AF5,0)+IF(ISNUMBER('Apostas - Grupos'!AJ5),'Apostas - Grupos'!AJ5,0) -> 4 | G13: =E13-F13 -> -1 | H13: =3*C13+D13 -> 2 | I13: =H13*1000000000+(G13+200)*1000000+E13*1000+(500-M13) -> 2199003414 | J13: =RANK(I13,$I$11:$I$14,0) -> 4 | K13: =IF(AND(ISNUMBER('Apostas - Grupos'!AB5),ISNUMBER('Apostas - Grupos'!AC5)),1,0)+IF(AND(ISNUMBER('Apostas - Grupos'!AF5),ISNUMBER('Apostas - Grupos'!AG5)),1,0)+IF(AND(ISNUMBER('Apostas - Grupos'!AJ5),ISNUMBER('Apostas - Grupos'!AK5)),1,0) -> 3 | L13: =K13-C13-D13 -> 1 | M13: 86
A14: C | B14: Escocia | C14: =IF(AND(ISNUMBER('Apostas - Grupos'!AB5),ISNUMBER('Apostas - Grupos'!AC5)),IF('Apostas - Grupos'!AC5>'Apostas - Grupos'!AB5,1,0),0)+IF(AND(ISNUMBER('Apostas - Grupos'!AD5),ISNUMBER('Apostas - Grupos'!AE5)),IF('Apostas - Grupos'!AD5>'Apostas - Grupos'!AE5,1,0),0)+IF(AND(ISNUMBER('Apostas - Grupos'!AH5),ISNUMBER('Apostas - Grupos'!AI5)),IF('Apostas - Grupos'!AH5>'Apostas - Grupos'!AI5,1,0),0) -> 0 | D14: =IF(AND(ISNUMBER('Apostas - Grupos'!AB5),ISNUMBER('Apostas - Grupos'!AC5)),IF('Apostas - Grupos'!AB5='Apostas - Grupos'!AC5,1,0),0)+IF(AND(ISNUMBER('Apostas - Grupos'!AD5),ISNUMBER('Apostas - Grupos'!AE5)),IF('Apostas - Grupos'!AD5='Apostas - Grupos'!AE5,1,0),0)+IF(AND(ISNUMBER('Apostas - Grupos'!AH5),ISNUMBER('Apostas - Grupos'!AI5)),IF('Apostas - Grupos'!AH5='Apostas - Grupos'!AI5,1,0),0) -> 2 | E14: =IF(ISNUMBER('Apostas - Grupos'!AB5),'Apostas - Grupos'!AC5,0)+IF(ISNUMBER('Apostas - Grupos'!AD5),'Apostas - Grupos'!AD5,0)+IF(ISNUMBER('Apostas - Grupos'!AH5),'Apostas - Grupos'!AH5,0) -> 3 | F14: =IF(ISNUMBER('Apostas - Grupos'!AB5),'Apostas - Grupos'!AB5,0)+IF(ISNUMBER('Apostas - Grupos'!AD5),'Apostas - Grupos'!AE5,0)+IF(ISNUMBER('Apostas - Grupos'!AH5),'Apostas - Grupos'!AI5,0) -> 4 | G14: =E14-F14 -> -1 | H14: =3*C14+D14 -> 2 | I14: =H14*1000000000+(G14+200)*1000000+E14*1000+(500-M14) -> 2199003473 | J14: =RANK(I14,$I$11:$I$14,0) -> 3 | K14: =IF(AND(ISNUMBER('Apostas - Grupos'!AB5),ISNUMBER('Apostas - Grupos'!AC5)),1,0)+IF(AND(ISNUMBER('Apostas - Grupos'!AD5),ISNUMBER('Apostas - Grupos'!AE5)),1,0)+IF(AND(ISNUMBER('Apostas - Grupos'!AH5),ISNUMBER('Apostas - Grupos'!AI5)),1,0) -> 3 | L14: =K14-C14-D14 -> 1 | M14: 27
A15: D | B15: Estados Unidos | C15: =IF(AND(ISNUMBER('Apostas - Grupos'!AL5),ISNUMBER('Apostas - Grupos'!AM5)),IF('Apostas - Grupos'!AL5>'Apostas - Grupos'!AM5,1,0),0)+IF(AND(ISNUMBER('Apostas - Grupos'!AP5),ISNUMBER('Apostas - Grupos'!AQ5)),IF('Apostas - Grupos'!AP5>'Apostas - Grupos'!AQ5,1,0),0)+IF(AND(ISNUMBER('Apostas - Grupos'!AT5),ISNUMBER('Apostas - Grupos'!AU5)),IF('Apostas - Grupos'!AU5>'Apostas - Grupos'!AT5,1,0),0) -> 0 | D15: =IF(AND(ISNUMBER('Apostas - Grupos'!AL5),ISNUMBER('Apostas - Grupos'!AM5)),IF('Apostas - Grupos'!AL5='Apostas - Grupos'!AM5,1,0),0)+IF(AND(ISNUMBER('Apostas - Grupos'!AP5),ISNUMBER('Apostas - Grupos'!AQ5)),IF('Apostas - Grupos'!AP5='Apostas - Grupos'!AQ5,1,0),0)+IF(AND(ISNUMBER('Apostas - Grupos'!AT5),ISNUMBER('Apostas - Grupos'!AU5)),IF('Apostas - Grupos'!AT5='Apostas - Grupos'!AU5,1,0),0) -> 3 | E15: =IF(ISNUMBER('Apostas - Grupos'!AL5),'Apostas - Grupos'!AL5,0)+IF(ISNUMBER('Apostas - Grupos'!AP5),'Apostas - Grupos'!AP5,0)+IF(ISNUMBER('Apostas - Grupos'!AT5),'Apostas - Grupos'!AU5,0) -> 3 | F15: =IF(ISNUMBER('Apostas - Grupos'!AL5),'Apostas - Grupos'!AM5,0)+IF(ISNUMBER('Apostas - Grupos'!AP5),'Apostas - Grupos'!AQ5,0)+IF(ISNUMBER('Apostas - Grupos'!AT5),'Apostas - Grupos'!AT5,0) -> 3 | G15: =E15-F15 -> 0 | H15: =3*C15+D15 -> 3 | I15: =H15*1000000000+(G15+200)*1000000+E15*1000+(500-M15) -> 3200003489 | J15: =RANK(I15,$I$15:$I$18,0) -> 1 | K15: =IF(AND(ISNUMBER('Apostas - Grupos'!AL5),ISNUMBER('Apostas - Grupos'!AM5)),1,0)+IF(AND(ISNUMBER('Apostas - Grupos'!AP5),ISNUMBER('Apostas - Grupos'!AQ5)),1,0)+IF(AND(ISNUMBER('Apostas - Grupos'!AT5),ISNUMBER('Apostas - Grupos'!AU5)),1,0) -> 3 | L15: =K15-C15-D15 -> 0 | M15: 11
A16: D | B16: Paraguai | C16: =IF(AND(ISNUMBER('Apostas - Grupos'!AL5),ISNUMBER('Apostas - Grupos'!AM5)),IF('Apostas - Grupos'!AM5>'Apostas - Grupos'!AL5,1,0),0)+IF(AND(ISNUMBER('Apostas - Grupos'!AR5),ISNUMBER('Apostas - Grupos'!AS5)),IF('Apostas - Grupos'!AS5>'Apostas - Grupos'!AR5,1,0),0)+IF(AND(ISNUMBER('Apostas - Grupos'!AV5),ISNUMBER('Apostas - Grupos'!AW5)),IF('Apostas - Grupos'!AV5>'Apostas - Grupos'!AW5,1,0),0) -> 0 | D16: =IF(AND(ISNUMBER('Apostas - Grupos'!AL5),ISNUMBER('Apostas - Grupos'!AM5)),IF('Apostas - Grupos'!AL5='Apostas - Grupos'!AM5,1,0),0)+IF(AND(ISNUMBER('Apostas - Grupos'!AR5),ISNUMBER('Apostas - Grupos'!AS5)),IF('Apostas - Grupos'!AR5='Apostas - Grupos'!AS5,1,0),0)+IF(AND(ISNUMBER('Apostas - Grupos'!AV5),ISNUMBER('Apostas - Grupos'!AW5)),IF('Apostas - Grupos'!AV5='Apostas - Grupos'!AW5,1,0),0) -> 3 | E16: =IF(ISNUMBER('Apostas - Grupos'!AL5),'Apostas - Grupos'!AM5,0)+IF(ISNUMBER('Apostas - Grupos'!AR5),'Apostas - Grupos'!AS5,0)+IF(ISNUMBER('Apostas - Grupos'!AV5),'Apostas - Grupos'!AV5,0) -> 3 | F16: =IF(ISNUMBER('Apostas - Grupos'!AL5),'Apostas - Grupos'!AL5,0)+IF(ISNUMBER('Apostas - Grupos'!AR5),'Apostas - Grupos'!AR5,0)+IF(ISNUMBER('Apostas - Grupos'!AV5),'Apostas - Grupos'!AW5,0) -> 3 | G16: =E16-F16 -> 0 | H16: =3*C16+D16 -> 3 | I16: =H16*1000000000+(G16+200)*1000000+E16*1000+(500-M16) -> 3200003449 | J16: =RANK(I16,$I$15:$I$18,0) -> 4 | K16: =IF(AND(ISNUMBER('Apostas - Grupos'!AL5),ISNUMBER('Apostas - Grupos'!AM5)),1,0)+IF(AND(ISNUMBER('Apostas - Grupos'!AR5),ISNUMBER('Apostas - Grupos'!AS5)),1,0)+IF(AND(ISNUMBER('Apostas - Grupos'!AV5),ISNUMBER('Apostas - Grupos'!AW5)),1,0) -> 3 | L16: =K16-C16-D16 -> 0 | M16: 51
A17: D | B17: Australia | C17: =IF(AND(ISNUMBER('Apostas - Grupos'!AN5),ISNUMBER('Apostas - Grupos'!AO5)),IF('Apostas - Grupos'!AN5>'Apostas - Grupos'!AO5,1,0),0)+IF(AND(ISNUMBER('Apostas - Grupos'!AP5),ISNUMBER('Apostas - Grupos'!AQ5)),IF('Apostas - Grupos'!AQ5>'Apostas - Grupos'!AP5,1,0),0)+IF(AND(ISNUMBER('Apostas - Grupos'!AV5),ISNUMBER('Apostas - Grupos'!AW5)),IF('Apostas - Grupos'!AW5>'Apostas - Grupos'!AV5,1,0),0) -> 0 | D17: =IF(AND(ISNUMBER('Apostas - Grupos'!AN5),ISNUMBER('Apostas - Grupos'!AO5)),IF('Apostas - Grupos'!AN5='Apostas - Grupos'!AO5,1,0),0)+IF(AND(ISNUMBER('Apostas - Grupos'!AP5),ISNUMBER('Apostas - Grupos'!AQ5)),IF('Apostas - Grupos'!AP5='Apostas - Grupos'!AQ5,1,0),0)+IF(AND(ISNUMBER('Apostas - Grupos'!AV5),ISNUMBER('Apostas - Grupos'!AW5)),IF('Apostas - Grupos'!AV5='Apostas - Grupos'!AW5,1,0),0) -> 3 | E17: =IF(ISNUMBER('Apostas - Grupos'!AN5),'Apostas - Grupos'!AN5,0)+IF(ISNUMBER('Apostas - Grupos'!AP5),'Apostas - Grupos'!AQ5,0)+IF(ISNUMBER('Apostas - Grupos'!AV5),'Apostas - Grupos'!AW5,0) -> 3 | F17: =IF(ISNUMBER('Apostas - Grupos'!AN5),'Apostas - Grupos'!AO5,0)+IF(ISNUMBER('Apostas - Grupos'!AP5),'Apostas - Grupos'!AP5,0)+IF(ISNUMBER('Apostas - Grupos'!AV5),'Apostas - Grupos'!AV5,0) -> 3 | G17: =E17-F17 -> 0 | H17: =3*C17+D17 -> 3 | I17: =H17*1000000000+(G17+200)*1000000+E17*1000+(500-M17) -> 3200003477 | J17: =RANK(I17,$I$15:$I$18,0) -> 2 | K17: =IF(AND(ISNUMBER('Apostas - Grupos'!AN5),ISNUMBER('Apostas - Grupos'!AO5)),1,0)+IF(AND(ISNUMBER('Apostas - Grupos'!AP5),ISNUMBER('Apostas - Grupos'!AQ5)),1,0)+IF(AND(ISNUMBER('Apostas - Grupos'!AV5),ISNUMBER('Apostas - Grupos'!AW5)),1,0) -> 3 | L17: =K17-C17-D17 -> 0 | M17: 23
A18: D | B18: Turquia | C18: =IF(AND(ISNUMBER('Apostas - Grupos'!AN5),ISNUMBER('Apostas - Grupos'!AO5)),IF('Apostas - Grupos'!AO5>'Apostas - Grupos'!AN5,1,0),0)+IF(AND(ISNUMBER('Apostas - Grupos'!AR5),ISNUMBER('Apostas - Grupos'!AS5)),IF('Apostas - Grupos'!AR5>'Apostas - Grupos'!AS5,1,0),0)+IF(AND(ISNUMBER('Apostas - Grupos'!AT5),ISNUMBER('Apostas - Grupos'!AU5)),IF('Apostas - Grupos'!AT5>'Apostas - Grupos'!AU5,1,0),0) -> 0 | D18: =IF(AND(ISNUMBER('Apostas - Grupos'!AN5),ISNUMBER('Apostas - Grupos'!AO5)),IF('Apostas - Grupos'!AN5='Apostas - Grupos'!AO5,1,0),0)+IF(AND(ISNUMBER('Apostas - Grupos'!AR5),ISNUMBER('Apostas - Grupos'!AS5)),IF('Apostas - Grupos'!AR5='Apostas - Grupos'!AS5,1,0),0)+IF(AND(ISNUMBER('Apostas - Grupos'!AT5),ISNUMBER('Apostas - Grupos'!AU5)),IF('Apostas - Grupos'!AT5='Apostas - Grupos'!AU5,1,0),0) -> 3 | E18: =IF(ISNUMBER('Apostas - Grupos'!AN5),'Apostas - Grupos'!AO5,0)+IF(ISNUMBER('Apostas - Grupos'!AR5),'Apostas - Grupos'!AR5,0)+IF(ISNUMBER('Apostas - Grupos'!AT5),'Apostas - Grupos'!AT5,0) -> 3 | F18: =IF(ISNUMBER('Apostas - Grupos'!AN5),'Apostas - Grupos'!AN5,0)+IF(ISNUMBER('Apostas - Grupos'!AR5),'Apostas - Grupos'!AS5,0)+IF(ISNUMBER('Apostas - Grupos'!AT5),'Apostas - Grupos'!AU5,0) -> 3 | G18: =E18-F18 -> 0 | H18: =3*C18+D18 -> 3 | I18: =H18*1000000000+(G18+200)*1000000+E18*1000+(500-M18) -> 3200003464 | J18: =RANK(I18,$I$15:$I$18,0) -> 3 | K18: =IF(AND(ISNUMBER('Apostas - Grupos'!AN5),ISNUMBER('Apostas - Grupos'!AO5)),1,0)+IF(AND(ISNUMBER('Apostas - Grupos'!AR5),ISNUMBER('Apostas - Grupos'!AS5)),1,0)+IF(AND(ISNUMBER('Apostas - Grupos'!AT5),ISNUMBER('Apostas - Grupos'!AU5)),1,0) -> 3 | L18: =K18-C18-D18 -> 0 | M18: 36
A19: E | B19: Alemanha | C19: =IF(AND(ISNUMBER('Apostas - Grupos'!AX5),ISNUMBER('Apostas - Grupos'!AY5)),IF('Apostas - Grupos'!AX5>'Apostas - Grupos'!AY5,1,0),0)+IF(AND(ISNUMBER('Apostas - Grupos'!BB5),ISNUMBER('Apostas - Grupos'!BC5)),IF('Apostas - Grupos'!BB5>'Apostas - Grupos'!BC5,1,0),0)+IF(AND(ISNUMBER('Apostas - Grupos'!BF5),ISNUMBER('Apostas - Grupos'!BG5)),IF('Apostas - Grupos'!BG5>'Apostas - Grupos'!BF5,1,0),0) -> 3 | D19: =IF(AND(ISNUMBER('Apostas - Grupos'!AX5),ISNUMBER('Apostas - Grupos'!AY5)),IF('Apostas - Grupos'!AX5='Apostas - Grupos'!AY5,1,0),0)+IF(AND(ISNUMBER('Apostas - Grupos'!BB5),ISNUMBER('Apostas - Grupos'!BC5)),IF('Apostas - Grupos'!BB5='Apostas - Grupos'!BC5,1,0),0)+IF(AND(ISNUMBER('Apostas - Grupos'!BF5),ISNUMBER('Apostas - Grupos'!BG5)),IF('Apostas - Grupos'!BF5='Apostas - Grupos'!BG5,1,0),0) -> 0 | E19: =IF(ISNUMBER('Apostas - Grupos'!AX5),'Apostas - Grupos'!AX5,0)+IF(ISNUMBER('Apostas - Grupos'!BB5),'Apostas - Grupos'!BB5,0)+IF(ISNUMBER('Apostas - Grupos'!BF5),'Apostas - Grupos'!BG5,0) -> 6 | F19: =IF(ISNUMBER('Apostas - Grupos'!AX5),'Apostas - Grupos'!AY5,0)+IF(ISNUMBER('Apostas - Grupos'!BB5),'Apostas - Grupos'!BC5,0)+IF(ISNUMBER('Apostas - Grupos'!BF5),'Apostas - Grupos'!BF5,0) -> 3 | G19: =E19-F19 -> 3 | H19: =3*C19+D19 -> 9 | I19: =H19*1000000000+(G19+200)*1000000+E19*1000+(500-M19) -> 9203006488 | J19: =RANK(I19,$I$19:$I$22,0) -> 1 | K19: =IF(AND(ISNUMBER('Apostas - Grupos'!AX5),ISNUMBER('Apostas - Grupos'!AY5)),1,0)+IF(AND(ISNUMBER('Apostas - Grupos'!BB5),ISNUMBER('Apostas - Grupos'!BC5)),1,0)+IF(AND(ISNUMBER('Apostas - Grupos'!BF5),ISNUMBER('Apostas - Grupos'!BG5)),1,0) -> 3 | L19: =K19-C19-D19 -> 0 | M19: 12
A20: E | B20: Curacao | C20: =IF(AND(ISNUMBER('Apostas - Grupos'!AX5),ISNUMBER('Apostas - Grupos'!AY5)),IF('Apostas - Grupos'!AY5>'Apostas - Grupos'!AX5,1,0),0)+IF(AND(ISNUMBER('Apostas - Grupos'!BD5),ISNUMBER('Apostas - Grupos'!BE5)),IF('Apostas - Grupos'!BE5>'Apostas - Grupos'!BD5,1,0),0)+IF(AND(ISNUMBER('Apostas - Grupos'!BH5),ISNUMBER('Apostas - Grupos'!BI5)),IF('Apostas - Grupos'!BH5>'Apostas - Grupos'!BI5,1,0),0) -> 0 | D20: =IF(AND(ISNUMBER('Apostas - Grupos'!AX5),ISNUMBER('Apostas - Grupos'!AY5)),IF('Apostas - Grupos'!AX5='Apostas - Grupos'!AY5,1,0),0)+IF(AND(ISNUMBER('Apostas - Grupos'!BD5),ISNUMBER('Apostas - Grupos'!BE5)),IF('Apostas - Grupos'!BD5='Apostas - Grupos'!BE5,1,0),0)+IF(AND(ISNUMBER('Apostas - Grupos'!BH5),ISNUMBER('Apostas - Grupos'!BI5)),IF('Apostas - Grupos'!BH5='Apostas - Grupos'!BI5,1,0),0) -> 1 | E20: =IF(ISNUMBER('Apostas - Grupos'!AX5),'Apostas - Grupos'!AY5,0)+IF(ISNUMBER('Apostas - Grupos'!BD5),'Apostas - Grupos'!BE5,0)+IF(ISNUMBER('Apostas - Grupos'!BH5),'Apostas - Grupos'!BH5,0) -> 3 | F20: =IF(ISNUMBER('Apostas - Grupos'!AX5),'Apostas - Grupos'!AX5,0)+IF(ISNUMBER('Apostas - Grupos'!BD5),'Apostas - Grupos'!BD5,0)+IF(ISNUMBER('Apostas - Grupos'!BH5),'Apostas - Grupos'!BI5,0) -> 5 | G20: =E20-F20 -> -2 | H20: =3*C20+D20 -> 1 | I20: =H20*1000000000+(G20+200)*1000000+E20*1000+(500-M20) -> 1198003417 | J20: =RANK(I20,$I$19:$I$22,0) -> 4 | K20: =IF(AND(ISNUMBER('Apostas - Grupos'!AX5),ISNUMBER('Apostas - Grupos'!AY5)),1,0)+IF(AND(ISNUMBER('Apostas - Grupos'!BD5),ISNUMBER('Apostas - Grupos'!BE5)),1,0)+IF(AND(ISNUMBER('Apostas - Grupos'!BH5),ISNUMBER('Apostas - Grupos'!BI5)),1,0) -> 3 | L20: =K20-C20-D20 -> 2 | M20: 83
A21: E | B21: Costa do Marfim | C21: =IF(AND(ISNUMBER('Apostas - Grupos'!AZ5),ISNUMBER('Apostas - Grupos'!BA5)),IF('Apostas - Grupos'!AZ5>'Apostas - Grupos'!BA5,1,0),0)+IF(AND(ISNUMBER('Apostas - Grupos'!BB5),ISNUMBER('Apostas - Grupos'!BC5)),IF('Apostas - Grupos'!BC5>'Apostas - Grupos'!BB5,1,0),0)+IF(AND(ISNUMBER('Apostas - Grupos'!BH5),ISNUMBER('Apostas - Grupos'!BI5)),IF('Apostas - Grupos'!BI5>'Apostas - Grupos'!BH5,1,0),0) -> 0 | D21: =IF(AND(ISNUMBER('Apostas - Grupos'!AZ5),ISNUMBER('Apostas - Grupos'!BA5)),IF('Apostas - Grupos'!AZ5='Apostas - Grupos'!BA5,1,0),0)+IF(AND(ISNUMBER('Apostas - Grupos'!BB5),ISNUMBER('Apostas - Grupos'!BC5)),IF('Apostas - Grupos'!BB5='Apostas - Grupos'!BC5,1,0),0)+IF(AND(ISNUMBER('Apostas - Grupos'!BH5),ISNUMBER('Apostas - Grupos'!BI5)),IF('Apostas - Grupos'!BH5='Apostas - Grupos'!BI5,1,0),0) -> 2 | E21: =IF(ISNUMBER('Apostas - Grupos'!AZ5),'Apostas - Grupos'!AZ5,0)+IF(ISNUMBER('Apostas - Grupos'!BB5),'Apostas - Grupos'!BC5,0)+IF(ISNUMBER('Apostas - Grupos'!BH5),'Apostas - Grupos'!BI5,0) -> 3 | F21: =IF(ISNUMBER('Apostas - Grupos'!AZ5),'Apostas - Grupos'!BA5,0)+IF(ISNUMBER('Apostas - Grupos'!BB5),'Apostas - Grupos'!BB5,0)+IF(ISNUMBER('Apostas - Grupos'!BH5),'Apostas - Grupos'!BH5,0) -> 4 | G21: =E21-F21 -> -1 | H21: =3*C21+D21 -> 2 | I21: =H21*1000000000+(G21+200)*1000000+E21*1000+(500-M21) -> 2199003459 | J21: =RANK(I21,$I$19:$I$22,0) -> 3 | K21: =IF(AND(ISNUMBER('Apostas - Grupos'!AZ5),ISNUMBER('Apostas - Grupos'!BA5)),1,0)+IF(AND(ISNUMBER('Apostas - Grupos'!BB5),ISNUMBER('Apostas - Grupos'!BC5)),1,0)+IF(AND(ISNUMBER('Apostas - Grupos'!BH5),ISNUMBER('Apostas - Grupos'!BI5)),1,0) -> 3 | L21: =K21-C21-D21 -> 1 | M21: 41
A22: E | B22: Equador | C22: =IF(AND(ISNUMBER('Apostas - Grupos'!AZ5),ISNUMBER('Apostas - Grupos'!BA5)),IF('Apostas - Grupos'!BA5>'Apostas - Grupos'!AZ5,1,0),0)+IF(AND(ISNUMBER('Apostas - Grupos'!BD5),ISNUMBER('Apostas - Grupos'!BE5)),IF('Apostas - Grupos'!BD5>'Apostas - Grupos'!BE5,1,0),0)+IF(AND(ISNUMBER('Apostas - Grupos'!BF5),ISNUMBER('Apostas - Grupos'!BG5)),IF('Apostas - Grupos'!BF5>'Apostas - Grupos'!BG5,1,0),0) -> 1 | D22: =IF(AND(ISNUMBER('Apostas - Grupos'!AZ5),ISNUMBER('Apostas - Grupos'!BA5)),IF('Apostas - Grupos'!AZ5='Apostas - Grupos'!BA5,1,0),0)+IF(AND(ISNUMBER('Apostas - Grupos'!BD5),ISNUMBER('Apostas - Grupos'!BE5)),IF('Apostas - Grupos'!BD5='Apostas - Grupos'!BE5,1,0),0)+IF(AND(ISNUMBER('Apostas - Grupos'!BF5),ISNUMBER('Apostas - Grupos'!BG5)),IF('Apostas - Grupos'!BF5='Apostas - Grupos'!BG5,1,0),0) -> 1 | E22: =IF(ISNUMBER('Apostas - Grupos'!AZ5),'Apostas - Grupos'!BA5,0)+IF(ISNUMBER('Apostas - Grupos'!BD5),'Apostas - Grupos'!BD5,0)+IF(ISNUMBER('Apostas - Grupos'!BF5),'Apostas - Grupos'!BF5,0) -> 4 | F22: =IF(ISNUMBER('Apostas - Grupos'!AZ5),'Apostas - Grupos'!AZ5,0)+IF(ISNUMBER('Apostas - Grupos'!BD5),'Apostas - Grupos'!BE5,0)+IF(ISNUMBER('Apostas - Grupos'!BF5),'Apostas - Grupos'!BG5,0) -> 4 | G22: =E22-F22 -> 0 | H22: =3*C22+D22 -> 4 | I22: =H22*1000000000+(G22+200)*1000000+E22*1000+(500-M22) -> 4200004461 | J22: =RANK(I22,$I$19:$I$22,0) -> 2 | K22: =IF(AND(ISNUMBER('Apostas - Grupos'!AZ5),ISNUMBER('Apostas - Grupos'!BA5)),1,0)+IF(AND(ISNUMBER('Apostas - Grupos'!BD5),ISNUMBER('Apostas - Grupos'!BE5)),1,0)+IF(AND(ISNUMBER('Apostas - Grupos'!BF5),ISNUMBER('Apostas - Grupos'!BG5)),1,0) -> 3 | L22: =K22-C22-D22 -> 1 | M22: 39
A23: F | B23: Holanda | C23: =IF(AND(ISNUMBER('Apostas - Grupos'!BJ5),ISNUMBER('Apostas - Grupos'!BK5)),IF('Apostas - Grupos'!BJ5>'Apostas - Grupos'!BK5,1,0),0)+IF(AND(ISNUMBER('Apostas - Grupos'!BN5),ISNUMBER('Apostas - Grupos'!BO5)),IF('Apostas - Grupos'!BN5>'Apostas - Grupos'!BO5,1,0),0)+IF(AND(ISNUMBER('Apostas - Grupos'!BT5),ISNUMBER('Apostas - Grupos'!BU5)),IF('Apostas - Grupos'!BU5>'Apostas - Grupos'!BT5,1,0),0) -> 2 | D23: =IF(AND(ISNUMBER('Apostas - Grupos'!BJ5),ISNUMBER('Apostas - Grupos'!BK5)),IF('Apostas - Grupos'!BJ5='Apostas - Grupos'!BK5,1,0),0)+IF(AND(ISNUMBER('Apostas - Grupos'!BN5),ISNUMBER('Apostas - Grupos'!BO5)),IF('Apostas - Grupos'!BN5='Apostas - Grupos'!BO5,1,0),0)+IF(AND(ISNUMBER('Apostas - Grupos'!BT5),ISNUMBER('Apostas - Grupos'!BU5)),IF('Apostas - Grupos'!BT5='Apostas - Grupos'!BU5,1,0),0) -> 1 | E23: =IF(ISNUMBER('Apostas - Grupos'!BJ5),'Apostas - Grupos'!BJ5,0)+IF(ISNUMBER('Apostas - Grupos'!BN5),'Apostas - Grupos'!BN5,0)+IF(ISNUMBER('Apostas - Grupos'!BT5),'Apostas - Grupos'!BU5,0) -> 5 | F23: =IF(ISNUMBER('Apostas - Grupos'!BJ5),'Apostas - Grupos'!BK5,0)+IF(ISNUMBER('Apostas - Grupos'!BN5),'Apostas - Grupos'!BO5,0)+IF(ISNUMBER('Apostas - Grupos'!BT5),'Apostas - Grupos'!BT5,0) -> 3 | G23: =E23-F23 -> 2 | H23: =3*C23+D23 -> 7 | I23: =H23*1000000000+(G23+200)*1000000+E23*1000+(500-M23) -> 7202005492 | J23: =RANK(I23,$I$23:$I$26,0) -> 1 | K23: =IF(AND(ISNUMBER('Apostas - Grupos'!BJ5),ISNUMBER('Apostas - Grupos'!BK5)),1,0)+IF(AND(ISNUMBER('Apostas - Grupos'!BN5),ISNUMBER('Apostas - Grupos'!BO5)),1,0)+IF(AND(ISNUMBER('Apostas - Grupos'!BT5),ISNUMBER('Apostas - Grupos'!BU5)),1,0) -> 3 | L23: =K23-C23-D23 -> 0 | M23: 8
A24: F | B24: Japao | C24: =IF(AND(ISNUMBER('Apostas - Grupos'!BJ5),ISNUMBER('Apostas - Grupos'!BK5)),IF('Apostas - Grupos'!BK5>'Apostas - Grupos'!BJ5,1,0),0)+IF(AND(ISNUMBER('Apostas - Grupos'!BP5),ISNUMBER('Apostas - Grupos'!BQ5)),IF('Apostas - Grupos'!BQ5>'Apostas - Grupos'!BP5,1,0),0)+IF(AND(ISNUMBER('Apostas - Grupos'!BR5),ISNUMBER('Apostas - Grupos'!BS5)),IF('Apostas - Grupos'!BR5>'Apostas - Grupos'!BS5,1,0),0) -> 0 | D24: =IF(AND(ISNUMBER('Apostas - Grupos'!BJ5),ISNUMBER('Apostas - Grupos'!BK5)),IF('Apostas - Grupos'!BJ5='Apostas - Grupos'!BK5,1,0),0)+IF(AND(ISNUMBER('Apostas - Grupos'!BP5),ISNUMBER('Apostas - Grupos'!BQ5)),IF('Apostas - Grupos'!BP5='Apostas - Grupos'!BQ5,1,0),0)+IF(AND(ISNUMBER('Apostas - Grupos'!BR5),ISNUMBER('Apostas - Grupos'!BS5)),IF('Apostas - Grupos'!BR5='Apostas - Grupos'!BS5,1,0),0) -> 3 | E24: =IF(ISNUMBER('Apostas - Grupos'!BJ5),'Apostas - Grupos'!BK5,0)+IF(ISNUMBER('Apostas - Grupos'!BP5),'Apostas - Grupos'!BQ5,0)+IF(ISNUMBER('Apostas - Grupos'!BR5),'Apostas - Grupos'!BR5,0) -> 3 | F24: =IF(ISNUMBER('Apostas - Grupos'!BJ5),'Apostas - Grupos'!BJ5,0)+IF(ISNUMBER('Apostas - Grupos'!BP5),'Apostas - Grupos'!BP5,0)+IF(ISNUMBER('Apostas - Grupos'!BR5),'Apostas - Grupos'!BS5,0) -> 3 | G24: =E24-F24 -> 0 | H24: =3*C24+D24 -> 3 | I24: =H24*1000000000+(G24+200)*1000000+E24*1000+(500-M24) -> 3200003485 | J24: =RANK(I24,$I$23:$I$26,0) -> 2 | K24: =IF(AND(ISNUMBER('Apostas - Grupos'!BJ5),ISNUMBER('Apostas - Grupos'!BK5)),1,0)+IF(AND(ISNUMBER('Apostas - Grupos'!BP5),ISNUMBER('Apostas - Grupos'!BQ5)),1,0)+IF(AND(ISNUMBER('Apostas - Grupos'!BR5),ISNUMBER('Apostas - Grupos'!BS5)),1,0) -> 3 | L24: =K24-C24-D24 -> 0 | M24: 15
A25: F | B25: Suecia | C25: =IF(AND(ISNUMBER('Apostas - Grupos'!BL5),ISNUMBER('Apostas - Grupos'!BM5)),IF('Apostas - Grupos'!BL5>'Apostas - Grupos'!BM5,1,0),0)+IF(AND(ISNUMBER('Apostas - Grupos'!BN5),ISNUMBER('Apostas - Grupos'!BO5)),IF('Apostas - Grupos'!BO5>'Apostas - Grupos'!BN5,1,0),0)+IF(AND(ISNUMBER('Apostas - Grupos'!BR5),ISNUMBER('Apostas - Grupos'!BS5)),IF('Apostas - Grupos'!BS5>'Apostas - Grupos'!BR5,1,0),0) -> 0 | D25: =IF(AND(ISNUMBER('Apostas - Grupos'!BL5),ISNUMBER('Apostas - Grupos'!BM5)),IF('Apostas - Grupos'!BL5='Apostas - Grupos'!BM5,1,0),0)+IF(AND(ISNUMBER('Apostas - Grupos'!BN5),ISNUMBER('Apostas - Grupos'!BO5)),IF('Apostas - Grupos'!BN5='Apostas - Grupos'!BO5,1,0),0)+IF(AND(ISNUMBER('Apostas - Grupos'!BR5),ISNUMBER('Apostas - Grupos'!BS5)),IF('Apostas - Grupos'!BR5='Apostas - Grupos'!BS5,1,0),0) -> 2 | E25: =IF(ISNUMBER('Apostas - Grupos'!BL5),'Apostas - Grupos'!BL5,0)+IF(ISNUMBER('Apostas - Grupos'!BN5),'Apostas - Grupos'!BO5,0)+IF(ISNUMBER('Apostas - Grupos'!BR5),'Apostas - Grupos'!BS5,0) -> 3 | F25: =IF(ISNUMBER('Apostas - Grupos'!BL5),'Apostas - Grupos'!BM5,0)+IF(ISNUMBER('Apostas - Grupos'!BN5),'Apostas - Grupos'!BN5,0)+IF(ISNUMBER('Apostas - Grupos'!BR5),'Apostas - Grupos'!BR5,0) -> 4 | G25: =E25-F25 -> -1 | H25: =3*C25+D25 -> 2 | I25: =H25*1000000000+(G25+200)*1000000+E25*1000+(500-M25) -> 2199003474 | J25: =RANK(I25,$I$23:$I$26,0) -> 3 | K25: =IF(AND(ISNUMBER('Apostas - Grupos'!BL5),ISNUMBER('Apostas - Grupos'!BM5)),1,0)+IF(AND(ISNUMBER('Apostas - Grupos'!BN5),ISNUMBER('Apostas - Grupos'!BO5)),1,0)+IF(AND(ISNUMBER('Apostas - Grupos'!BR5),ISNUMBER('Apostas - Grupos'!BS5)),1,0) -> 3 | L25: =K25-C25-D25 -> 1 | M25: 26
A26: F | B26: Tunisia | C26: =IF(AND(ISNUMBER('Apostas - Grupos'!BL5),ISNUMBER('Apostas - Grupos'!BM5)),IF('Apostas - Grupos'!BM5>'Apostas - Grupos'!BL5,1,0),0)+IF(AND(ISNUMBER('Apostas - Grupos'!BP5),ISNUMBER('Apostas - Grupos'!BQ5)),IF('Apostas - Grupos'!BP5>'Apostas - Grupos'!BQ5,1,0),0)+IF(AND(ISNUMBER('Apostas - Grupos'!BT5),ISNUMBER('Apostas - Grupos'!BU5)),IF('Apostas - Grupos'!BT5>'Apostas - Grupos'!BU5,1,0),0) -> 0 | D26: =IF(AND(ISNUMBER('Apostas - Grupos'!BL5),ISNUMBER('Apostas - Grupos'!BM5)),IF('Apostas - Grupos'!BL5='Apostas - Grupos'!BM5,1,0),0)+IF(AND(ISNUMBER('Apostas - Grupos'!BP5),ISNUMBER('Apostas - Grupos'!BQ5)),IF('Apostas - Grupos'!BP5='Apostas - Grupos'!BQ5,1,0),0)+IF(AND(ISNUMBER('Apostas - Grupos'!BT5),ISNUMBER('Apostas - Grupos'!BU5)),IF('Apostas - Grupos'!BT5='Apostas - Grupos'!BU5,1,0),0) -> 2 | E26: =IF(ISNUMBER('Apostas - Grupos'!BL5),'Apostas - Grupos'!BM5,0)+IF(ISNUMBER('Apostas - Grupos'!BP5),'Apostas - Grupos'!BP5,0)+IF(ISNUMBER('Apostas - Grupos'!BT5),'Apostas - Grupos'!BT5,0) -> 3 | F26: =IF(ISNUMBER('Apostas - Grupos'!BL5),'Apostas - Grupos'!BL5,0)+IF(ISNUMBER('Apostas - Grupos'!BP5),'Apostas - Grupos'!BQ5,0)+IF(ISNUMBER('Apostas - Grupos'!BT5),'Apostas - Grupos'!BU5,0) -> 4 | G26: =E26-F26 -> -1 | H26: =3*C26+D26 -> 2 | I26: =H26*1000000000+(G26+200)*1000000+E26*1000+(500-M26) -> 2199003470 | J26: =RANK(I26,$I$23:$I$26,0) -> 4 | K26: =IF(AND(ISNUMBER('Apostas - Grupos'!BL5),ISNUMBER('Apostas - Grupos'!BM5)),1,0)+IF(AND(ISNUMBER('Apostas - Grupos'!BP5),ISNUMBER('Apostas - Grupos'!BQ5)),1,0)+IF(AND(ISNUMBER('Apostas - Grupos'!BT5),ISNUMBER('Apostas - Grupos'!BU5)),1,0) -> 3 | L26: =K26-C26-D26 -> 1 | M26: 30
A27: G | B27: Belgica | C27: =IF(AND(ISNUMBER('Apostas - Grupos'!BV5),ISNUMBER('Apostas - Grupos'!BW5)),IF('Apostas - Grupos'!BV5>'Apostas - Grupos'!BW5,1,0),0)+IF(AND(ISNUMBER('Apostas - Grupos'!BZ5),ISNUMBER('Apostas - Grupos'!CA5)),IF('Apostas - Grupos'!BZ5>'Apostas - Grupos'!CA5,1,0),0)+IF(AND(ISNUMBER('Apostas - Grupos'!CF5),ISNUMBER('Apostas - Grupos'!CG5)),IF('Apostas - Grupos'!CG5>'Apostas - Grupos'!CF5,1,0),0) -> 0 | D27: =IF(AND(ISNUMBER('Apostas - Grupos'!BV5),ISNUMBER('Apostas - Grupos'!BW5)),IF('Apostas - Grupos'!BV5='Apostas - Grupos'!BW5,1,0),0)+IF(AND(ISNUMBER('Apostas - Grupos'!BZ5),ISNUMBER('Apostas - Grupos'!CA5)),IF('Apostas - Grupos'!BZ5='Apostas - Grupos'!CA5,1,0),0)+IF(AND(ISNUMBER('Apostas - Grupos'!CF5),ISNUMBER('Apostas - Grupos'!CG5)),IF('Apostas - Grupos'!CF5='Apostas - Grupos'!CG5,1,0),0) -> 3 | E27: =IF(ISNUMBER('Apostas - Grupos'!BV5),'Apostas - Grupos'!BV5,0)+IF(ISNUMBER('Apostas - Grupos'!BZ5),'Apostas - Grupos'!BZ5,0)+IF(ISNUMBER('Apostas - Grupos'!CF5),'Apostas - Grupos'!CG5,0) -> 3 | F27: =IF(ISNUMBER('Apostas - Grupos'!BV5),'Apostas - Grupos'!BW5,0)+IF(ISNUMBER('Apostas - Grupos'!BZ5),'Apostas - Grupos'!CA5,0)+IF(ISNUMBER('Apostas - Grupos'!CF5),'Apostas - Grupos'!CF5,0) -> 3 | G27: =E27-F27 -> 0 | H27: =3*C27+D27 -> 3 | I27: =H27*1000000000+(G27+200)*1000000+E27*1000+(500-M27) -> 3200003497 | J27: =RANK(I27,$I$27:$I$30,0) -> 1 | K27: =IF(AND(ISNUMBER('Apostas - Grupos'!BV5),ISNUMBER('Apostas - Grupos'!BW5)),1,0)+IF(AND(ISNUMBER('Apostas - Grupos'!BZ5),ISNUMBER('Apostas - Grupos'!CA5)),1,0)+IF(AND(ISNUMBER('Apostas - Grupos'!CF5),ISNUMBER('Apostas - Grupos'!CG5)),1,0) -> 3 | L27: =K27-C27-D27 -> 0 | M27: 3
A28: G | B28: Egito | C28: =IF(AND(ISNUMBER('Apostas - Grupos'!BV5),ISNUMBER('Apostas - Grupos'!BW5)),IF('Apostas - Grupos'!BW5>'Apostas - Grupos'!BV5,1,0),0)+IF(AND(ISNUMBER('Apostas - Grupos'!CB5),ISNUMBER('Apostas - Grupos'!CC5)),IF('Apostas - Grupos'!CC5>'Apostas - Grupos'!CB5,1,0),0)+IF(AND(ISNUMBER('Apostas - Grupos'!CD5),ISNUMBER('Apostas - Grupos'!CE5)),IF('Apostas - Grupos'!CD5>'Apostas - Grupos'!CE5,1,0),0) -> 0 | D28: =IF(AND(ISNUMBER('Apostas - Grupos'!BV5),ISNUMBER('Apostas - Grupos'!BW5)),IF('Apostas - Grupos'!BV5='Apostas - Grupos'!BW5,1,0),0)+IF(AND(ISNUMBER('Apostas - Grupos'!CB5),ISNUMBER('Apostas - Grupos'!CC5)),IF('Apostas - Grupos'!CB5='Apostas - Grupos'!CC5,1,0),0)+IF(AND(ISNUMBER('Apostas - Grupos'!CD5),ISNUMBER('Apostas - Grupos'!CE5)),IF('Apostas - Grupos'!CD5='Apostas - Grupos'!CE5,1,0),0) -> 3 | E28: =IF(ISNUMBER('Apostas - Grupos'!BV5),'Apostas - Grupos'!BW5,0)+IF(ISNUMBER('Apostas - Grupos'!CB5),'Apostas - Grupos'!CC5,0)+IF(ISNUMBER('Apostas - Grupos'!CD5),'Apostas - Grupos'!CD5,0) -> 3 | F28: =IF(ISNUMBER('Apostas - Grupos'!BV5),'Apostas - Grupos'!BV5,0)+IF(ISNUMBER('Apostas - Grupos'!CB5),'Apostas - Grupos'!CB5,0)+IF(ISNUMBER('Apostas - Grupos'!CD5),'Apostas - Grupos'!CE5,0) -> 3 | G28: =E28-F28 -> 0 | H28: =3*C28+D28 -> 3 | I28: =H28*1000000000+(G28+200)*1000000+E28*1000+(500-M28) -> 3200003464 | J28: =RANK(I28,$I$27:$I$30,0) -> 3 | K28: =IF(AND(ISNUMBER('Apostas - Grupos'!BV5),ISNUMBER('Apostas - Grupos'!BW5)),1,0)+IF(AND(ISNUMBER('Apostas - Grupos'!CB5),ISNUMBER('Apostas - Grupos'!CC5)),1,0)+IF(AND(ISNUMBER('Apostas - Grupos'!CD5),ISNUMBER('Apostas - Grupos'!CE5)),1,0) -> 3 | L28: =K28-C28-D28 -> 0 | M28: 36
A29: G | B29: Ira | C29: =IF(AND(ISNUMBER('Apostas - Grupos'!BX5),ISNUMBER('Apostas - Grupos'!BY5)),IF('Apostas - Grupos'!BX5>'Apostas - Grupos'!BY5,1,0),0)+IF(AND(ISNUMBER('Apostas - Grupos'!BZ5),ISNUMBER('Apostas - Grupos'!CA5)),IF('Apostas - Grupos'!CA5>'Apostas - Grupos'!BZ5,1,0),0)+IF(AND(ISNUMBER('Apostas - Grupos'!CD5),ISNUMBER('Apostas - Grupos'!CE5)),IF('Apostas - Grupos'!CE5>'Apostas - Grupos'!CD5,1,0),0) -> 0 | D29: =IF(AND(ISNUMBER('Apostas - Grupos'!BX5),ISNUMBER('Apostas - Grupos'!BY5)),IF('Apostas - Grupos'!BX5='Apostas - Grupos'!BY5,1,0),0)+IF(AND(ISNUMBER('Apostas - Grupos'!BZ5),ISNUMBER('Apostas - Grupos'!CA5)),IF('Apostas - Grupos'!BZ5='Apostas - Grupos'!CA5,1,0),0)+IF(AND(ISNUMBER('Apostas - Grupos'!CD5),ISNUMBER('Apostas - Grupos'!CE5)),IF('Apostas - Grupos'!CD5='Apostas - Grupos'!CE5,1,0),0) -> 3 | E29: =IF(ISNUMBER('Apostas - Grupos'!BX5),'Apostas - Grupos'!BX5,0)+IF(ISNUMBER('Apostas - Grupos'!BZ5),'Apostas - Grupos'!CA5,0)+IF(ISNUMBER('Apostas - Grupos'!CD5),'Apostas - Grupos'!CE5,0) -> 3 | F29: =IF(ISNUMBER('Apostas - Grupos'!BX5),'Apostas - Grupos'!BY5,0)+IF(ISNUMBER('Apostas - Grupos'!BZ5),'Apostas - Grupos'!BZ5,0)+IF(ISNUMBER('Apostas - Grupos'!CD5),'Apostas - Grupos'!CD5,0) -> 3 | G29: =E29-F29 -> 0 | H29: =3*C29+D29 -> 3 | I29: =H29*1000000000+(G29+200)*1000000+E29*1000+(500-M29) -> 3200003475 | J29: =RANK(I29,$I$27:$I$30,0) -> 2 | K29: =IF(AND(ISNUMBER('Apostas - Grupos'!BX5),ISNUMBER('Apostas - Grupos'!BY5)),1,0)+IF(AND(ISNUMBER('Apostas - Grupos'!BZ5),ISNUMBER('Apostas - Grupos'!CA5)),1,0)+IF(AND(ISNUMBER('Apostas - Grupos'!CD5),ISNUMBER('Apostas - Grupos'!CE5)),1,0) -> 3 | L29: =K29-C29-D29 -> 0 | M29: 25
A30: G | B30: Nova Zelandia | C30: =IF(AND(ISNUMBER('Apostas - Grupos'!BX5),ISNUMBER('Apostas - Grupos'!BY5)),IF('Apostas - Grupos'!BY5>'Apostas - Grupos'!BX5,1,0),0)+IF(AND(ISNUMBER('Apostas - Grupos'!CB5),ISNUMBER('Apostas - Grupos'!CC5)),IF('Apostas - Grupos'!CB5>'Apostas - Grupos'!CC5,1,0),0)+IF(AND(ISNUMBER('Apostas - Grupos'!CF5),ISNUMBER('Apostas - Grupos'!CG5)),IF('Apostas - Grupos'!CF5>'Apostas - Grupos'!CG5,1,0),0) -> 0 | D30: =IF(AND(ISNUMBER('Apostas - Grupos'!BX5),ISNUMBER('Apostas - Grupos'!BY5)),IF('Apostas - Grupos'!BX5='Apostas - Grupos'!BY5,1,0),0)+IF(AND(ISNUMBER('Apostas - Grupos'!CB5),ISNUMBER('Apostas - Grupos'!CC5)),IF('Apostas - Grupos'!CB5='Apostas - Grupos'!CC5,1,0),0)+IF(AND(ISNUMBER('Apostas - Grupos'!CF5),ISNUMBER('Apostas - Grupos'!CG5)),IF('Apostas - Grupos'!CF5='Apostas - Grupos'!CG5,1,0),0) -> 3 | E30: =IF(ISNUMBER('Apostas - Grupos'!BX5),'Apostas - Grupos'!BY5,0)+IF(ISNUMBER('Apostas - Grupos'!CB5),'Apostas - Grupos'!CB5,0)+IF(ISNUMBER('Apostas - Grupos'!CF5),'Apostas - Grupos'!CF5,0) -> 3 | F30: =IF(ISNUMBER('Apostas - Grupos'!BX5),'Apostas - Grupos'!BX5,0)+IF(ISNUMBER('Apostas - Grupos'!CB5),'Apostas - Grupos'!CC5,0)+IF(ISNUMBER('Apostas - Grupos'!CF5),'Apostas - Grupos'!CG5,0) -> 3 | G30: =E30-F30 -> 0 | H30: =3*C30+D30 -> 3 | I30: =H30*1000000000+(G30+200)*1000000+E30*1000+(500-M30) -> 3200003402 | J30: =RANK(I30,$I$27:$I$30,0) -> 4 | K30: =IF(AND(ISNUMBER('Apostas - Grupos'!BX5),ISNUMBER('Apostas - Grupos'!BY5)),1,0)+IF(AND(ISNUMBER('Apostas - Grupos'!CB5),ISNUMBER('Apostas - Grupos'!CC5)),1,0)+IF(AND(ISNUMBER('Apostas - Grupos'!CF5),ISNUMBER('Apostas - Grupos'!CG5)),1,0) -> 3 | L30: =K30-C30-D30 -> 0 | M30: 98
A31: H | B31: Espanha | C31: =IF(AND(ISNUMBER('Apostas - Grupos'!CH5),ISNUMBER('Apostas - Grupos'!CI5)),IF('Apostas - Grupos'!CH5>'Apostas - Grupos'!CI5,1,0),0)+IF(AND(ISNUMBER('Apostas - Grupos'!CL5),ISNUMBER('Apostas - Grupos'!CM5)),IF('Apostas - Grupos'!CL5>'Apostas - Grupos'!CM5,1,0),0)+IF(AND(ISNUMBER('Apostas - Grupos'!CR5),ISNUMBER('Apostas - Grupos'!CS5)),IF('Apostas - Grupos'!CS5>'Apostas - Grupos'!CR5,1,0),0) -> 3 | D31: =IF(AND(ISNUMBER('Apostas - Grupos'!CH5),ISNUMBER('Apostas - Grupos'!CI5)),IF('Apostas - Grupos'!CH5='Apostas - Grupos'!CI5,1,0),0)+IF(AND(ISNUMBER('Apostas - Grupos'!CL5),ISNUMBER('Apostas - Grupos'!CM5)),IF('Apostas - Grupos'!CL5='Apostas - Grupos'!CM5,1,0),0)+IF(AND(ISNUMBER('Apostas - Grupos'!CR5),ISNUMBER('Apostas - Grupos'!CS5)),IF('Apostas - Grupos'!CR5='Apostas - Grupos'!CS5,1,0),0) -> 0 | E31: =IF(ISNUMBER('Apostas - Grupos'!CH5),'Apostas - Grupos'!CH5,0)+IF(ISNUMBER('Apostas - Grupos'!CL5),'Apostas - Grupos'!CL5,0)+IF(ISNUMBER('Apostas - Grupos'!CR5),'Apostas - Grupos'!CS5,0) -> 8 | F31: =IF(ISNUMBER('Apostas - Grupos'!CH5),'Apostas - Grupos'!CI5,0)+IF(ISNUMBER('Apostas - Grupos'!CL5),'Apostas - Grupos'!CM5,0)+IF(ISNUMBER('Apostas - Grupos'!CR5),'Apostas - Grupos'!CR5,0) -> 0 | G31: =E31-F31 -> 8 | H31: =3*C31+D31 -> 9 | I31: =H31*1000000000+(G31+200)*1000000+E31*1000+(500-M31) -> 9208008496 | J31: =RANK(I31,$I$31:$I$34,0) -> 1 | K31: =IF(AND(ISNUMBER('Apostas - Grupos'!CH5),ISNUMBER('Apostas - Grupos'!CI5)),1,0)+IF(AND(ISNUMBER('Apostas - Grupos'!CL5),ISNUMBER('Apostas - Grupos'!CM5)),1,0)+IF(AND(ISNUMBER('Apostas - Grupos'!CR5),ISNUMBER('Apostas - Grupos'!CS5)),1,0) -> 3 | L31: =K31-C31-D31 -> 0 | M31: 4
A32: H | B32: Cabo Verde | C32: =IF(AND(ISNUMBER('Apostas - Grupos'!CH5),ISNUMBER('Apostas - Grupos'!CI5)),IF('Apostas - Grupos'!CI5>'Apostas - Grupos'!CH5,1,0),0)+IF(AND(ISNUMBER('Apostas - Grupos'!CN5),ISNUMBER('Apostas - Grupos'!CO5)),IF('Apostas - Grupos'!CO5>'Apostas - Grupos'!CN5,1,0),0)+IF(AND(ISNUMBER('Apostas - Grupos'!CP5),ISNUMBER('Apostas - Grupos'!CQ5)),IF('Apostas - Grupos'!CP5>'Apostas - Grupos'!CQ5,1,0),0) -> 0 | D32: =IF(AND(ISNUMBER('Apostas - Grupos'!CH5),ISNUMBER('Apostas - Grupos'!CI5)),IF('Apostas - Grupos'!CH5='Apostas - Grupos'!CI5,1,0),0)+IF(AND(ISNUMBER('Apostas - Grupos'!CN5),ISNUMBER('Apostas - Grupos'!CO5)),IF('Apostas - Grupos'!CN5='Apostas - Grupos'!CO5,1,0),0)+IF(AND(ISNUMBER('Apostas - Grupos'!CP5),ISNUMBER('Apostas - Grupos'!CQ5)),IF('Apostas - Grupos'!CP5='Apostas - Grupos'!CQ5,1,0),0) -> 2 | E32: =IF(ISNUMBER('Apostas - Grupos'!CH5),'Apostas - Grupos'!CI5,0)+IF(ISNUMBER('Apostas - Grupos'!CN5),'Apostas - Grupos'!CO5,0)+IF(ISNUMBER('Apostas - Grupos'!CP5),'Apostas - Grupos'!CP5,0) -> 2 | F32: =IF(ISNUMBER('Apostas - Grupos'!CH5),'Apostas - Grupos'!CH5,0)+IF(ISNUMBER('Apostas - Grupos'!CN5),'Apostas - Grupos'!CN5,0)+IF(ISNUMBER('Apostas - Grupos'!CP5),'Apostas - Grupos'!CQ5,0) -> 5 | G32: =E32-F32 -> -3 | H32: =3*C32+D32 -> 2 | I32: =H32*1000000000+(G32+200)*1000000+E32*1000+(500-M32) -> 2197002412 | J32: =RANK(I32,$I$31:$I$34,0) -> 4 | K32: =IF(AND(ISNUMBER('Apostas - Grupos'!CH5),ISNUMBER('Apostas - Grupos'!CI5)),1,0)+IF(AND(ISNUMBER('Apostas - Grupos'!CN5),ISNUMBER('Apostas - Grupos'!CO5)),1,0)+IF(AND(ISNUMBER('Apostas - Grupos'!CP5),ISNUMBER('Apostas - Grupos'!CQ5)),1,0) -> 3 | L32: =K32-C32-D32 -> 1 | M32: 88
A33: H | B33: Arabia Saudita | C33: =IF(AND(ISNUMBER('Apostas - Grupos'!CJ5),ISNUMBER('Apostas - Grupos'!CK5)),IF('Apostas - Grupos'!CJ5>'Apostas - Grupos'!CK5,1,0),0)+IF(AND(ISNUMBER('Apostas - Grupos'!CL5),ISNUMBER('Apostas - Grupos'!CM5)),IF('Apostas - Grupos'!CM5>'Apostas - Grupos'!CL5,1,0),0)+IF(AND(ISNUMBER('Apostas - Grupos'!CP5),ISNUMBER('Apostas - Grupos'!CQ5)),IF('Apostas - Grupos'!CQ5>'Apostas - Grupos'!CP5,1,0),0) -> 0 | D33: =IF(AND(ISNUMBER('Apostas - Grupos'!CJ5),ISNUMBER('Apostas - Grupos'!CK5)),IF('Apostas - Grupos'!CJ5='Apostas - Grupos'!CK5,1,0),0)+IF(AND(ISNUMBER('Apostas - Grupos'!CL5),ISNUMBER('Apostas - Grupos'!CM5)),IF('Apostas - Grupos'!CL5='Apostas - Grupos'!CM5,1,0),0)+IF(AND(ISNUMBER('Apostas - Grupos'!CP5),ISNUMBER('Apostas - Grupos'!CQ5)),IF('Apostas - Grupos'!CP5='Apostas - Grupos'!CQ5,1,0),0) -> 2 | E33: =IF(ISNUMBER('Apostas - Grupos'!CJ5),'Apostas - Grupos'!CJ5,0)+IF(ISNUMBER('Apostas - Grupos'!CL5),'Apostas - Grupos'!CM5,0)+IF(ISNUMBER('Apostas - Grupos'!CP5),'Apostas - Grupos'!CQ5,0) -> 2 | F33: =IF(ISNUMBER('Apostas - Grupos'!CJ5),'Apostas - Grupos'!CK5,0)+IF(ISNUMBER('Apostas - Grupos'!CL5),'Apostas - Grupos'!CL5,0)+IF(ISNUMBER('Apostas - Grupos'!CP5),'Apostas - Grupos'!CP5,0) -> 5 | G33: =E33-F33 -> -3 | H33: =3*C33+D33 -> 2 | I33: =H33*1000000000+(G33+200)*1000000+E33*1000+(500-M33) -> 2197002443 | J33: =RANK(I33,$I$31:$I$34,0) -> 3 | K33: =IF(AND(ISNUMBER('Apostas - Grupos'!CJ5),ISNUMBER('Apostas - Grupos'!CK5)),1,0)+IF(AND(ISNUMBER('Apostas - Grupos'!CL5),ISNUMBER('Apostas - Grupos'!CM5)),1,0)+IF(AND(ISNUMBER('Apostas - Grupos'!CP5),ISNUMBER('Apostas - Grupos'!CQ5)),1,0) -> 3 | L33: =K33-C33-D33 -> 1 | M33: 57
A34: H | B34: Uruguai | C34: =IF(AND(ISNUMBER('Apostas - Grupos'!CJ5),ISNUMBER('Apostas - Grupos'!CK5)),IF('Apostas - Grupos'!CK5>'Apostas - Grupos'!CJ5,1,0),0)+IF(AND(ISNUMBER('Apostas - Grupos'!CN5),ISNUMBER('Apostas - Grupos'!CO5)),IF('Apostas - Grupos'!CN5>'Apostas - Grupos'!CO5,1,0),0)+IF(AND(ISNUMBER('Apostas - Grupos'!CR5),ISNUMBER('Apostas - Grupos'!CS5)),IF('Apostas - Grupos'!CR5>'Apostas - Grupos'!CS5,1,0),0) -> 0 | D34: =IF(AND(ISNUMBER('Apostas - Grupos'!CJ5),ISNUMBER('Apostas - Grupos'!CK5)),IF('Apostas - Grupos'!CJ5='Apostas - Grupos'!CK5,1,0),0)+IF(AND(ISNUMBER('Apostas - Grupos'!CN5),ISNUMBER('Apostas - Grupos'!CO5)),IF('Apostas - Grupos'!CN5='Apostas - Grupos'!CO5,1,0),0)+IF(AND(ISNUMBER('Apostas - Grupos'!CR5),ISNUMBER('Apostas - Grupos'!CS5)),IF('Apostas - Grupos'!CR5='Apostas - Grupos'!CS5,1,0),0) -> 2 | E34: =IF(ISNUMBER('Apostas - Grupos'!CJ5),'Apostas - Grupos'!CK5,0)+IF(ISNUMBER('Apostas - Grupos'!CN5),'Apostas - Grupos'!CN5,0)+IF(ISNUMBER('Apostas - Grupos'!CR5),'Apostas - Grupos'!CR5,0) -> 2 | F34: =IF(ISNUMBER('Apostas - Grupos'!CJ5),'Apostas - Grupos'!CJ5,0)+IF(ISNUMBER('Apostas - Grupos'!CN5),'Apostas - Grupos'!CO5,0)+IF(ISNUMBER('Apostas - Grupos'!CR5),'Apostas - Grupos'!CS5,0) -> 4 | G34: =E34-F34 -> -2 | H34: =3*C34+D34 -> 2 | I34: =H34*1000000000+(G34+200)*1000000+E34*1000+(500-M34) -> 2198002483 | J34: =RANK(I34,$I$31:$I$34,0) -> 2 | K34: =IF(AND(ISNUMBER('Apostas - Grupos'!CJ5),ISNUMBER('Apostas - Grupos'!CK5)),1,0)+IF(AND(ISNUMBER('Apostas - Grupos'!CN5),ISNUMBER('Apostas - Grupos'!CO5)),1,0)+IF(AND(ISNUMBER('Apostas - Grupos'!CR5),ISNUMBER('Apostas - Grupos'!CS5)),1,0) -> 3 | L34: =K34-C34-D34 -> 1 | M34: 17
A35: I | B35: Franca | C35: =IF(AND(ISNUMBER('Apostas - Grupos'!CT5),ISNUMBER('Apostas - Grupos'!CU5)),IF('Apostas - Grupos'!CT5>'Apostas - Grupos'!CU5,1,0),0)+IF(AND(ISNUMBER('Apostas - Grupos'!CX5),ISNUMBER('Apostas - Grupos'!CY5)),IF('Apostas - Grupos'!CX5>'Apostas - Grupos'!CY5,1,0),0)+IF(AND(ISNUMBER('Apostas - Grupos'!DB5),ISNUMBER('Apostas - Grupos'!DC5)),IF('Apostas - Grupos'!DC5>'Apostas - Grupos'!DB5,1,0),0) -> 3 | D35: =IF(AND(ISNUMBER('Apostas - Grupos'!CT5),ISNUMBER('Apostas - Grupos'!CU5)),IF('Apostas - Grupos'!CT5='Apostas - Grupos'!CU5,1,0),0)+IF(AND(ISNUMBER('Apostas - Grupos'!CX5),ISNUMBER('Apostas - Grupos'!CY5)),IF('Apostas - Grupos'!CX5='Apostas - Grupos'!CY5,1,0),0)+IF(AND(ISNUMBER('Apostas - Grupos'!DB5),ISNUMBER('Apostas - Grupos'!DC5)),IF('Apostas - Grupos'!DB5='Apostas - Grupos'!DC5,1,0),0) -> 0 | E35: =IF(ISNUMBER('Apostas - Grupos'!CT5),'Apostas - Grupos'!CT5,0)+IF(ISNUMBER('Apostas - Grupos'!CX5),'Apostas - Grupos'!CX5,0)+IF(ISNUMBER('Apostas - Grupos'!DB5),'Apostas - Grupos'!DC5,0) -> 7 | F35: =IF(ISNUMBER('Apostas - Grupos'!CT5),'Apostas - Grupos'!CU5,0)+IF(ISNUMBER('Apostas - Grupos'!CX5),'Apostas - Grupos'!CY5,0)+IF(ISNUMBER('Apostas - Grupos'!DB5),'Apostas - Grupos'!DB5,0) -> 2 | G35: =E35-F35 -> 5 | H35: =3*C35+D35 -> 9 | I35: =H35*1000000000+(G35+200)*1000000+E35*1000+(500-M35) -> 9205007498 | J35: =RANK(I35,$I$35:$I$38,0) -> 1 | K35: =IF(AND(ISNUMBER('Apostas - Grupos'!CT5),ISNUMBER('Apostas - Grupos'!CU5)),1,0)+IF(AND(ISNUMBER('Apostas - Grupos'!CX5),ISNUMBER('Apostas - Grupos'!CY5)),1,0)+IF(AND(ISNUMBER('Apostas - Grupos'!DB5),ISNUMBER('Apostas - Grupos'!DC5)),1,0) -> 3 | L35: =K35-C35-D35 -> 0 | M35: 2
A36: I | B36: Senegal | C36: =IF(AND(ISNUMBER('Apostas - Grupos'!CT5),ISNUMBER('Apostas - Grupos'!CU5)),IF('Apostas - Grupos'!CU5>'Apostas - Grupos'!CT5,1,0),0)+IF(AND(ISNUMBER('Apostas - Grupos'!CZ5),ISNUMBER('Apostas - Grupos'!DA5)),IF('Apostas - Grupos'!DA5>'Apostas - Grupos'!CZ5,1,0),0)+IF(AND(ISNUMBER('Apostas - Grupos'!DD5),ISNUMBER('Apostas - Grupos'!DE5)),IF('Apostas - Grupos'!DD5>'Apostas - Grupos'!DE5,1,0),0) -> 1 | D36: =IF(AND(ISNUMBER('Apostas - Grupos'!CT5),ISNUMBER('Apostas - Grupos'!CU5)),IF('Apostas - Grupos'!CT5='Apostas - Grupos'!CU5,1,0),0)+IF(AND(ISNUMBER('Apostas - Grupos'!CZ5),ISNUMBER('Apostas - Grupos'!DA5)),IF('Apostas - Grupos'!CZ5='Apostas - Grupos'!DA5,1,0),0)+IF(AND(ISNUMBER('Apostas - Grupos'!DD5),ISNUMBER('Apostas - Grupos'!DE5)),IF('Apostas - Grupos'!DD5='Apostas - Grupos'!DE5,1,0),0) -> 1 | E36: =IF(ISNUMBER('Apostas - Grupos'!CT5),'Apostas - Grupos'!CU5,0)+IF(ISNUMBER('Apostas - Grupos'!CZ5),'Apostas - Grupos'!DA5,0)+IF(ISNUMBER('Apostas - Grupos'!DD5),'Apostas - Grupos'!DD5,0) -> 4 | F36: =IF(ISNUMBER('Apostas - Grupos'!CT5),'Apostas - Grupos'!CT5,0)+IF(ISNUMBER('Apostas - Grupos'!CZ5),'Apostas - Grupos'!CZ5,0)+IF(ISNUMBER('Apostas - Grupos'!DD5),'Apostas - Grupos'!DE5,0) -> 4 | G36: =E36-F36 -> 0 | H36: =3*C36+D36 -> 4 | I36: =H36*1000000000+(G36+200)*1000000+E36*1000+(500-M36) -> 4200004479 | J36: =RANK(I36,$I$35:$I$38,0) -> 2 | K36: =IF(AND(ISNUMBER('Apostas - Grupos'!CT5),ISNUMBER('Apostas - Grupos'!CU5)),1,0)+IF(AND(ISNUMBER('Apostas - Grupos'!CZ5),ISNUMBER('Apostas - Grupos'!DA5)),1,0)+IF(AND(ISNUMBER('Apostas - Grupos'!DD5),ISNUMBER('Apostas - Grupos'!DE5)),1,0) -> 3 | L36: =K36-C36-D36 -> 1 | M36: 21
A37: I | B37: Iraque | C37: =IF(AND(ISNUMBER('Apostas - Grupos'!CV5),ISNUMBER('Apostas - Grupos'!CW5)),IF('Apostas - Grupos'!CV5>'Apostas - Grupos'!CW5,1,0),0)+IF(AND(ISNUMBER('Apostas - Grupos'!CX5),ISNUMBER('Apostas - Grupos'!CY5)),IF('Apostas - Grupos'!CY5>'Apostas - Grupos'!CX5,1,0),0)+IF(AND(ISNUMBER('Apostas - Grupos'!DD5),ISNUMBER('Apostas - Grupos'!DE5)),IF('Apostas - Grupos'!DE5>'Apostas - Grupos'!DD5,1,0),0) -> 0 | D37: =IF(AND(ISNUMBER('Apostas - Grupos'!CV5),ISNUMBER('Apostas - Grupos'!CW5)),IF('Apostas - Grupos'!CV5='Apostas - Grupos'!CW5,1,0),0)+IF(AND(ISNUMBER('Apostas - Grupos'!CX5),ISNUMBER('Apostas - Grupos'!CY5)),IF('Apostas - Grupos'!CX5='Apostas - Grupos'!CY5,1,0),0)+IF(AND(ISNUMBER('Apostas - Grupos'!DD5),ISNUMBER('Apostas - Grupos'!DE5)),IF('Apostas - Grupos'!DD5='Apostas - Grupos'!DE5,1,0),0) -> 0 | E37: =IF(ISNUMBER('Apostas - Grupos'!CV5),'Apostas - Grupos'!CV5,0)+IF(ISNUMBER('Apostas - Grupos'!CX5),'Apostas - Grupos'!CY5,0)+IF(ISNUMBER('Apostas - Grupos'!DD5),'Apostas - Grupos'!DE5,0) -> 2 | F37: =IF(ISNUMBER('Apostas - Grupos'!CV5),'Apostas - Grupos'!CW5,0)+IF(ISNUMBER('Apostas - Grupos'!CX5),'Apostas - Grupos'!CX5,0)+IF(ISNUMBER('Apostas - Grupos'!DD5),'Apostas - Grupos'!DD5,0) -> 7 | G37: =E37-F37 -> -5 | H37: =3*C37+D37 -> 0 | I37: =H37*1000000000+(G37+200)*1000000+E37*1000+(500-M37) -> 195002435 | J37: =RANK(I37,$I$35:$I$38,0) -> 4 | K37: =IF(AND(ISNUMBER('Apostas - Grupos'!CV5),ISNUMBER('Apostas - Grupos'!CW5)),1,0)+IF(AND(ISNUMBER('Apostas - Grupos'!CX5),ISNUMBER('Apostas - Grupos'!CY5)),1,0)+IF(AND(ISNUMBER('Apostas - Grupos'!DD5),ISNUMBER('Apostas - Grupos'!DE5)),1,0) -> 3 | L37: =K37-C37-D37 -> 3 | M37: 65
A38: I | B38: Noruega | C38: =IF(AND(ISNUMBER('Apostas - Grupos'!CV5),ISNUMBER('Apostas - Grupos'!CW5)),IF('Apostas - Grupos'!CW5>'Apostas - Grupos'!CV5,1,0),0)+IF(AND(ISNUMBER('Apostas - Grupos'!CZ5),ISNUMBER('Apostas - Grupos'!DA5)),IF('Apostas - Grupos'!CZ5>'Apostas - Grupos'!DA5,1,0),0)+IF(AND(ISNUMBER('Apostas - Grupos'!DB5),ISNUMBER('Apostas - Grupos'!DC5)),IF('Apostas - Grupos'!DB5>'Apostas - Grupos'!DC5,1,0),0) -> 1 | D38: =IF(AND(ISNUMBER('Apostas - Grupos'!CV5),ISNUMBER('Apostas - Grupos'!CW5)),IF('Apostas - Grupos'!CV5='Apostas - Grupos'!CW5,1,0),0)+IF(AND(ISNUMBER('Apostas - Grupos'!CZ5),ISNUMBER('Apostas - Grupos'!DA5)),IF('Apostas - Grupos'!CZ5='Apostas - Grupos'!DA5,1,0),0)+IF(AND(ISNUMBER('Apostas - Grupos'!DB5),ISNUMBER('Apostas - Grupos'!DC5)),IF('Apostas - Grupos'!DB5='Apostas - Grupos'!DC5,1,0),0) -> 1 | E38: =IF(ISNUMBER('Apostas - Grupos'!CV5),'Apostas - Grupos'!CW5,0)+IF(ISNUMBER('Apostas - Grupos'!CZ5),'Apostas - Grupos'!CZ5,0)+IF(ISNUMBER('Apostas - Grupos'!DB5),'Apostas - Grupos'!DB5,0) -> 4 | F38: =IF(ISNUMBER('Apostas - Grupos'!CV5),'Apostas - Grupos'!CV5,0)+IF(ISNUMBER('Apostas - Grupos'!CZ5),'Apostas - Grupos'!DA5,0)+IF(ISNUMBER('Apostas - Grupos'!DB5),'Apostas - Grupos'!DC5,0) -> 4 | G38: =E38-F38 -> 0 | H38: =3*C38+D38 -> 4 | I38: =H38*1000000000+(G38+200)*1000000+E38*1000+(500-M38) -> 4200004472 | J38: =RANK(I38,$I$35:$I$38,0) -> 3 | K38: =IF(AND(ISNUMBER('Apostas - Grupos'!CV5),ISNUMBER('Apostas - Grupos'!CW5)),1,0)+IF(AND(ISNUMBER('Apostas - Grupos'!CZ5),ISNUMBER('Apostas - Grupos'!DA5)),1,0)+IF(AND(ISNUMBER('Apostas - Grupos'!DB5),ISNUMBER('Apostas - Grupos'!DC5)),1,0) -> 3 | L38: =K38-C38-D38 -> 1 | M38: 28
A39: J | B39: Argentina | C39: =IF(AND(ISNUMBER('Apostas - Grupos'!DF5),ISNUMBER('Apostas - Grupos'!DG5)),IF('Apostas - Grupos'!DF5>'Apostas - Grupos'!DG5,1,0),0)+IF(AND(ISNUMBER('Apostas - Grupos'!DJ5),ISNUMBER('Apostas - Grupos'!DK5)),IF('Apostas - Grupos'!DJ5>'Apostas - Grupos'!DK5,1,0),0)+IF(AND(ISNUMBER('Apostas - Grupos'!DP5),ISNUMBER('Apostas - Grupos'!DQ5)),IF('Apostas - Grupos'!DQ5>'Apostas - Grupos'!DP5,1,0),0) -> 3 | D39: =IF(AND(ISNUMBER('Apostas - Grupos'!DF5),ISNUMBER('Apostas - Grupos'!DG5)),IF('Apostas - Grupos'!DF5='Apostas - Grupos'!DG5,1,0),0)+IF(AND(ISNUMBER('Apostas - Grupos'!DJ5),ISNUMBER('Apostas - Grupos'!DK5)),IF('Apostas - Grupos'!DJ5='Apostas - Grupos'!DK5,1,0),0)+IF(AND(ISNUMBER('Apostas - Grupos'!DP5),ISNUMBER('Apostas - Grupos'!DQ5)),IF('Apostas - Grupos'!DP5='Apostas - Grupos'!DQ5,1,0),0) -> 0 | E39: =IF(ISNUMBER('Apostas - Grupos'!DF5),'Apostas - Grupos'!DF5,0)+IF(ISNUMBER('Apostas - Grupos'!DJ5),'Apostas - Grupos'!DJ5,0)+IF(ISNUMBER('Apostas - Grupos'!DP5),'Apostas - Grupos'!DQ5,0) -> 6 | F39: =IF(ISNUMBER('Apostas - Grupos'!DF5),'Apostas - Grupos'!DG5,0)+IF(ISNUMBER('Apostas - Grupos'!DJ5),'Apostas - Grupos'!DK5,0)+IF(ISNUMBER('Apostas - Grupos'!DP5),'Apostas - Grupos'!DP5,0) -> 3 | G39: =E39-F39 -> 3 | H39: =3*C39+D39 -> 9 | I39: =H39*1000000000+(G39+200)*1000000+E39*1000+(500-M39) -> 9203006499 | J39: =RANK(I39,$I$39:$I$42,0) -> 1 | K39: =IF(AND(ISNUMBER('Apostas - Grupos'!DF5),ISNUMBER('Apostas - Grupos'!DG5)),1,0)+IF(AND(ISNUMBER('Apostas - Grupos'!DJ5),ISNUMBER('Apostas - Grupos'!DK5)),1,0)+IF(AND(ISNUMBER('Apostas - Grupos'!DP5),ISNUMBER('Apostas - Grupos'!DQ5)),1,0) -> 3 | L39: =K39-C39-D39 -> 0 | M39: 1
A40: J | B40: Argelia | C40: =IF(AND(ISNUMBER('Apostas - Grupos'!DF5),ISNUMBER('Apostas - Grupos'!DG5)),IF('Apostas - Grupos'!DG5>'Apostas - Grupos'!DF5,1,0),0)+IF(AND(ISNUMBER('Apostas - Grupos'!DL5),ISNUMBER('Apostas - Grupos'!DM5)),IF('Apostas - Grupos'!DM5>'Apostas - Grupos'!DL5,1,0),0)+IF(AND(ISNUMBER('Apostas - Grupos'!DN5),ISNUMBER('Apostas - Grupos'!DO5)),IF('Apostas - Grupos'!DN5>'Apostas - Grupos'!DO5,1,0),0) -> 0 | D40: =IF(AND(ISNUMBER('Apostas - Grupos'!DF5),ISNUMBER('Apostas - Grupos'!DG5)),IF('Apostas - Grupos'!DF5='Apostas - Grupos'!DG5,1,0),0)+IF(AND(ISNUMBER('Apostas - Grupos'!DL5),ISNUMBER('Apostas - Grupos'!DM5)),IF('Apostas - Grupos'!DL5='Apostas - Grupos'!DM5,1,0),0)+IF(AND(ISNUMBER('Apostas - Grupos'!DN5),ISNUMBER('Apostas - Grupos'!DO5)),IF('Apostas - Grupos'!DN5='Apostas - Grupos'!DO5,1,0),0) -> 2 | E40: =IF(ISNUMBER('Apostas - Grupos'!DF5),'Apostas - Grupos'!DG5,0)+IF(ISNUMBER('Apostas - Grupos'!DL5),'Apostas - Grupos'!DM5,0)+IF(ISNUMBER('Apostas - Grupos'!DN5),'Apostas - Grupos'!DN5,0) -> 3 | F40: =IF(ISNUMBER('Apostas - Grupos'!DF5),'Apostas - Grupos'!DF5,0)+IF(ISNUMBER('Apostas - Grupos'!DL5),'Apostas - Grupos'!DL5,0)+IF(ISNUMBER('Apostas - Grupos'!DN5),'Apostas - Grupos'!DO5,0) -> 4 | G40: =E40-F40 -> -1 | H40: =3*C40+D40 -> 2 | I40: =H40*1000000000+(G40+200)*1000000+E40*1000+(500-M40) -> 2199003468 | J40: =RANK(I40,$I$39:$I$42,0) -> 3 | K40: =IF(AND(ISNUMBER('Apostas - Grupos'!DF5),ISNUMBER('Apostas - Grupos'!DG5)),1,0)+IF(AND(ISNUMBER('Apostas - Grupos'!DL5),ISNUMBER('Apostas - Grupos'!DM5)),1,0)+IF(AND(ISNUMBER('Apostas - Grupos'!DN5),ISNUMBER('Apostas - Grupos'!DO5)),1,0) -> 3 | L40: =K40-C40-D40 -> 1 | M40: 32
A41: J | B41: Austria | C41: =IF(AND(ISNUMBER('Apostas - Grupos'!DH5),ISNUMBER('Apostas - Grupos'!DI5)),IF('Apostas - Grupos'!DH5>'Apostas - Grupos'!DI5,1,0),0)+IF(AND(ISNUMBER('Apostas - Grupos'!DJ5),ISNUMBER('Apostas - Grupos'!DK5)),IF('Apostas - Grupos'!DK5>'Apostas - Grupos'!DJ5,1,0),0)+IF(AND(ISNUMBER('Apostas - Grupos'!DN5),ISNUMBER('Apostas - Grupos'!DO5)),IF('Apostas - Grupos'!DO5>'Apostas - Grupos'!DN5,1,0),0) -> 0 | D41: =IF(AND(ISNUMBER('Apostas - Grupos'!DH5),ISNUMBER('Apostas - Grupos'!DI5)),IF('Apostas - Grupos'!DH5='Apostas - Grupos'!DI5,1,0),0)+IF(AND(ISNUMBER('Apostas - Grupos'!DJ5),ISNUMBER('Apostas - Grupos'!DK5)),IF('Apostas - Grupos'!DJ5='Apostas - Grupos'!DK5,1,0),0)+IF(AND(ISNUMBER('Apostas - Grupos'!DN5),ISNUMBER('Apostas - Grupos'!DO5)),IF('Apostas - Grupos'!DN5='Apostas - Grupos'!DO5,1,0),0) -> 2 | E41: =IF(ISNUMBER('Apostas - Grupos'!DH5),'Apostas - Grupos'!DH5,0)+IF(ISNUMBER('Apostas - Grupos'!DJ5),'Apostas - Grupos'!DK5,0)+IF(ISNUMBER('Apostas - Grupos'!DN5),'Apostas - Grupos'!DO5,0) -> 3 | F41: =IF(ISNUMBER('Apostas - Grupos'!DH5),'Apostas - Grupos'!DI5,0)+IF(ISNUMBER('Apostas - Grupos'!DJ5),'Apostas - Grupos'!DJ5,0)+IF(ISNUMBER('Apostas - Grupos'!DN5),'Apostas - Grupos'!DN5,0) -> 4 | G41: =E41-F41 -> -1 | H41: =3*C41+D41 -> 2 | I41: =H41*1000000000+(G41+200)*1000000+E41*1000+(500-M41) -> 2199003476 | J41: =RANK(I41,$I$39:$I$42,0) -> 2 | K41: =IF(AND(ISNUMBER('Apostas - Grupos'!DH5),ISNUMBER('Apostas - Grupos'!DI5)),1,0)+IF(AND(ISNUMBER('Apostas - Grupos'!DJ5),ISNUMBER('Apostas - Grupos'!DK5)),1,0)+IF(AND(ISNUMBER('Apostas - Grupos'!DN5),ISNUMBER('Apostas - Grupos'!DO5)),1,0) -> 3 | L41: =K41-C41-D41 -> 1 | M41: 24
A42: J | B42: Jordania | C42: =IF(AND(ISNUMBER('Apostas - Grupos'!DH5),ISNUMBER('Apostas - Grupos'!DI5)),IF('Apostas - Grupos'!DI5>'Apostas - Grupos'!DH5,1,0),0)+IF(AND(ISNUMBER('Apostas - Grupos'!DL5),ISNUMBER('Apostas - Grupos'!DM5)),IF('Apostas - Grupos'!DL5>'Apostas - Grupos'!DM5,1,0),0)+IF(AND(ISNUMBER('Apostas - Grupos'!DP5),ISNUMBER('Apostas - Grupos'!DQ5)),IF('Apostas - Grupos'!DP5>'Apostas - Grupos'!DQ5,1,0),0) -> 0 | D42: =IF(AND(ISNUMBER('Apostas - Grupos'!DH5),ISNUMBER('Apostas - Grupos'!DI5)),IF('Apostas - Grupos'!DH5='Apostas - Grupos'!DI5,1,0),0)+IF(AND(ISNUMBER('Apostas - Grupos'!DL5),ISNUMBER('Apostas - Grupos'!DM5)),IF('Apostas - Grupos'!DL5='Apostas - Grupos'!DM5,1,0),0)+IF(AND(ISNUMBER('Apostas - Grupos'!DP5),ISNUMBER('Apostas - Grupos'!DQ5)),IF('Apostas - Grupos'!DP5='Apostas - Grupos'!DQ5,1,0),0) -> 2 | E42: =IF(ISNUMBER('Apostas - Grupos'!DH5),'Apostas - Grupos'!DI5,0)+IF(ISNUMBER('Apostas - Grupos'!DL5),'Apostas - Grupos'!DL5,0)+IF(ISNUMBER('Apostas - Grupos'!DP5),'Apostas - Grupos'!DP5,0) -> 3 | F42: =IF(ISNUMBER('Apostas - Grupos'!DH5),'Apostas - Grupos'!DH5,0)+IF(ISNUMBER('Apostas - Grupos'!DL5),'Apostas - Grupos'!DM5,0)+IF(ISNUMBER('Apostas - Grupos'!DP5),'Apostas - Grupos'!DQ5,0) -> 4 | G42: =E42-F42 -> -1 | H42: =3*C42+D42 -> 2 | I42: =H42*1000000000+(G42+200)*1000000+E42*1000+(500-M42) -> 2199003414 | J42: =RANK(I42,$I$39:$I$42,0) -> 4 | K42: =IF(AND(ISNUMBER('Apostas - Grupos'!DH5),ISNUMBER('Apostas - Grupos'!DI5)),1,0)+IF(AND(ISNUMBER('Apostas - Grupos'!DL5),ISNUMBER('Apostas - Grupos'!DM5)),1,0)+IF(AND(ISNUMBER('Apostas - Grupos'!DP5),ISNUMBER('Apostas - Grupos'!DQ5)),1,0) -> 3 | L42: =K42-C42-D42 -> 1 | M42: 86
A43: K | B43: Portugal | C43: =IF(AND(ISNUMBER('Apostas - Grupos'!DR5),ISNUMBER('Apostas - Grupos'!DS5)),IF('Apostas - Grupos'!DR5>'Apostas - Grupos'!DS5,1,0),0)+IF(AND(ISNUMBER('Apostas - Grupos'!DV5),ISNUMBER('Apostas - Grupos'!DW5)),IF('Apostas - Grupos'!DV5>'Apostas - Grupos'!DW5,1,0),0)+IF(AND(ISNUMBER('Apostas - Grupos'!DZ5),ISNUMBER('Apostas - Grupos'!EA5)),IF('Apostas - Grupos'!EA5>'Apostas - Grupos'!DZ5,1,0),0) -> 2 | D43: =IF(AND(ISNUMBER('Apostas - Grupos'!DR5),ISNUMBER('Apostas - Grupos'!DS5)),IF('Apostas - Grupos'!DR5='Apostas - Grupos'!DS5,1,0),0)+IF(AND(ISNUMBER('Apostas - Grupos'!DV5),ISNUMBER('Apostas - Grupos'!DW5)),IF('Apostas - Grupos'!DV5='Apostas - Grupos'!DW5,1,0),0)+IF(AND(ISNUMBER('Apostas - Grupos'!DZ5),ISNUMBER('Apostas - Grupos'!EA5)),IF('Apostas - Grupos'!DZ5='Apostas - Grupos'!EA5,1,0),0) -> 1 | E43: =IF(ISNUMBER('Apostas - Grupos'!DR5),'Apostas - Grupos'!DR5,0)+IF(ISNUMBER('Apostas - Grupos'!DV5),'Apostas - Grupos'!DV5,0)+IF(ISNUMBER('Apostas - Grupos'!DZ5),'Apostas - Grupos'!EA5,0) -> 5 | F43: =IF(ISNUMBER('Apostas - Grupos'!DR5),'Apostas - Grupos'!DS5,0)+IF(ISNUMBER('Apostas - Grupos'!DV5),'Apostas - Grupos'!DW5,0)+IF(ISNUMBER('Apostas - Grupos'!DZ5),'Apostas - Grupos'!DZ5,0) -> 3 | G43: =E43-F43 -> 2 | H43: =3*C43+D43 -> 7 | I43: =H43*1000000000+(G43+200)*1000000+E43*1000+(500-M43) -> 7202005494 | J43: =RANK(I43,$I$43:$I$46,0) -> 1 | K43: =IF(AND(ISNUMBER('Apostas - Grupos'!DR5),ISNUMBER('Apostas - Grupos'!DS5)),1,0)+IF(AND(ISNUMBER('Apostas - Grupos'!DV5),ISNUMBER('Apostas - Grupos'!DW5)),1,0)+IF(AND(ISNUMBER('Apostas - Grupos'!DZ5),ISNUMBER('Apostas - Grupos'!EA5)),1,0) -> 3 | L43: =K43-C43-D43 -> 0 | M43: 6
A44: K | B44: RD Congo | C44: =IF(AND(ISNUMBER('Apostas - Grupos'!DR5),ISNUMBER('Apostas - Grupos'!DS5)),IF('Apostas - Grupos'!DS5>'Apostas - Grupos'!DR5,1,0),0)+IF(AND(ISNUMBER('Apostas - Grupos'!DX5),ISNUMBER('Apostas - Grupos'!DY5)),IF('Apostas - Grupos'!DY5>'Apostas - Grupos'!DX5,1,0),0)+IF(AND(ISNUMBER('Apostas - Grupos'!EB5),ISNUMBER('Apostas - Grupos'!EC5)),IF('Apostas - Grupos'!EB5>'Apostas - Grupos'!EC5,1,0),0) -> 0 | D44: =IF(AND(ISNUMBER('Apostas - Grupos'!DR5),ISNUMBER('Apostas - Grupos'!DS5)),IF('Apostas - Grupos'!DR5='Apostas - Grupos'!DS5,1,0),0)+IF(AND(ISNUMBER('Apostas - Grupos'!DX5),ISNUMBER('Apostas - Grupos'!DY5)),IF('Apostas - Grupos'!DX5='Apostas - Grupos'!DY5,1,0),0)+IF(AND(ISNUMBER('Apostas - Grupos'!EB5),ISNUMBER('Apostas - Grupos'!EC5)),IF('Apostas - Grupos'!EB5='Apostas - Grupos'!EC5,1,0),0) -> 1 | E44: =IF(ISNUMBER('Apostas - Grupos'!DR5),'Apostas - Grupos'!DS5,0)+IF(ISNUMBER('Apostas - Grupos'!DX5),'Apostas - Grupos'!DY5,0)+IF(ISNUMBER('Apostas - Grupos'!EB5),'Apostas - Grupos'!EB5,0) -> 3 | F44: =IF(ISNUMBER('Apostas - Grupos'!DR5),'Apostas - Grupos'!DR5,0)+IF(ISNUMBER('Apostas - Grupos'!DX5),'Apostas - Grupos'!DX5,0)+IF(ISNUMBER('Apostas - Grupos'!EB5),'Apostas - Grupos'!EC5,0) -> 5 | G44: =E44-F44 -> -2 | H44: =3*C44+D44 -> 1 | I44: =H44*1000000000+(G44+200)*1000000+E44*1000+(500-M44) -> 1198003443 | J44: =RANK(I44,$I$43:$I$46,0) -> 4 | K44: =IF(AND(ISNUMBER('Apostas - Grupos'!DR5),ISNUMBER('Apostas - Grupos'!DS5)),1,0)+IF(AND(ISNUMBER('Apostas - Grupos'!DX5),ISNUMBER('Apostas - Grupos'!DY5)),1,0)+IF(AND(ISNUMBER('Apostas - Grupos'!EB5),ISNUMBER('Apostas - Grupos'!EC5)),1,0) -> 3 | L44: =K44-C44-D44 -> 2 | M44: 57
A45: K | B45: Uzbequistao | C45: =IF(AND(ISNUMBER('Apostas - Grupos'!DT5),ISNUMBER('Apostas - Grupos'!DU5)),IF('Apostas - Grupos'!DT5>'Apostas - Grupos'!DU5,1,0),0)+IF(AND(ISNUMBER('Apostas - Grupos'!DV5),ISNUMBER('Apostas - Grupos'!DW5)),IF('Apostas - Grupos'!DW5>'Apostas - Grupos'!DV5,1,0),0)+IF(AND(ISNUMBER('Apostas - Grupos'!EB5),ISNUMBER('Apostas - Grupos'!EC5)),IF('Apostas - Grupos'!EC5>'Apostas - Grupos'!EB5,1,0),0) -> 0 | D45: =IF(AND(ISNUMBER('Apostas - Grupos'!DT5),ISNUMBER('Apostas - Grupos'!DU5)),IF('Apostas - Grupos'!DT5='Apostas - Grupos'!DU5,1,0),0)+IF(AND(ISNUMBER('Apostas - Grupos'!DV5),ISNUMBER('Apostas - Grupos'!DW5)),IF('Apostas - Grupos'!DV5='Apostas - Grupos'!DW5,1,0),0)+IF(AND(ISNUMBER('Apostas - Grupos'!EB5),ISNUMBER('Apostas - Grupos'!EC5)),IF('Apostas - Grupos'!EB5='Apostas - Grupos'!EC5,1,0),0) -> 2 | E45: =IF(ISNUMBER('Apostas - Grupos'!DT5),'Apostas - Grupos'!DT5,0)+IF(ISNUMBER('Apostas - Grupos'!DV5),'Apostas - Grupos'!DW5,0)+IF(ISNUMBER('Apostas - Grupos'!EB5),'Apostas - Grupos'!EC5,0) -> 3 | F45: =IF(ISNUMBER('Apostas - Grupos'!DT5),'Apostas - Grupos'!DU5,0)+IF(ISNUMBER('Apostas - Grupos'!DV5),'Apostas - Grupos'!DV5,0)+IF(ISNUMBER('Apostas - Grupos'!EB5),'Apostas - Grupos'!EB5,0) -> 4 | G45: =E45-F45 -> -1 | H45: =3*C45+D45 -> 2 | I45: =H45*1000000000+(G45+200)*1000000+E45*1000+(500-M45) -> 2199003426 | J45: =RANK(I45,$I$43:$I$46,0) -> 3 | K45: =IF(AND(ISNUMBER('Apostas - Grupos'!DT5),ISNUMBER('Apostas - Grupos'!DU5)),1,0)+IF(AND(ISNUMBER('Apostas - Grupos'!DV5),ISNUMBER('Apostas - Grupos'!DW5)),1,0)+IF(AND(ISNUMBER('Apostas - Grupos'!EB5),ISNUMBER('Apostas - Grupos'!EC5)),1,0) -> 3 | L45: =K45-C45-D45 -> 1 | M45: 74
A46: K | B46: Colombia | C46: =IF(AND(ISNUMBER('Apostas - Grupos'!DT5),ISNUMBER('Apostas - Grupos'!DU5)),IF('Apostas - Grupos'!DU5>'Apostas - Grupos'!DT5,1,0),0)+IF(AND(ISNUMBER('Apostas - Grupos'!DX5),ISNUMBER('Apostas - Grupos'!DY5)),IF('Apostas - Grupos'!DX5>'Apostas - Grupos'!DY5,1,0),0)+IF(AND(ISNUMBER('Apostas - Grupos'!DZ5),ISNUMBER('Apostas - Grupos'!EA5)),IF('Apostas - Grupos'!DZ5>'Apostas - Grupos'!EA5,1,0),0) -> 1 | D46: =IF(AND(ISNUMBER('Apostas - Grupos'!DT5),ISNUMBER('Apostas - Grupos'!DU5)),IF('Apostas - Grupos'!DT5='Apostas - Grupos'!DU5,1,0),0)+IF(AND(ISNUMBER('Apostas - Grupos'!DX5),ISNUMBER('Apostas - Grupos'!DY5)),IF('Apostas - Grupos'!DX5='Apostas - Grupos'!DY5,1,0),0)+IF(AND(ISNUMBER('Apostas - Grupos'!DZ5),ISNUMBER('Apostas - Grupos'!EA5)),IF('Apostas - Grupos'!DZ5='Apostas - Grupos'!EA5,1,0),0) -> 2 | E46: =IF(ISNUMBER('Apostas - Grupos'!DT5),'Apostas - Grupos'!DU5,0)+IF(ISNUMBER('Apostas - Grupos'!DX5),'Apostas - Grupos'!DX5,0)+IF(ISNUMBER('Apostas - Grupos'!DZ5),'Apostas - Grupos'!DZ5,0) -> 4 | F46: =IF(ISNUMBER('Apostas - Grupos'!DT5),'Apostas - Grupos'!DT5,0)+IF(ISNUMBER('Apostas - Grupos'!DX5),'Apostas - Grupos'!DY5,0)+IF(ISNUMBER('Apostas - Grupos'!DZ5),'Apostas - Grupos'!EA5,0) -> 3 | G46: =E46-F46 -> 1 | H46: =3*C46+D46 -> 5 | I46: =H46*1000000000+(G46+200)*1000000+E46*1000+(500-M46) -> 5201004482 | J46: =RANK(I46,$I$43:$I$46,0) -> 2 | K46: =IF(AND(ISNUMBER('Apostas - Grupos'!DT5),ISNUMBER('Apostas - Grupos'!DU5)),1,0)+IF(AND(ISNUMBER('Apostas - Grupos'!DX5),ISNUMBER('Apostas - Grupos'!DY5)),1,0)+IF(AND(ISNUMBER('Apostas - Grupos'!DZ5),ISNUMBER('Apostas - Grupos'!EA5)),1,0) -> 3 | L46: =K46-C46-D46 -> 0 | M46: 18
A47: L | B47: Inglaterra | C47: =IF(AND(ISNUMBER('Apostas - Grupos'!ED5),ISNUMBER('Apostas - Grupos'!EE5)),IF('Apostas - Grupos'!ED5>'Apostas - Grupos'!EE5,1,0),0)+IF(AND(ISNUMBER('Apostas - Grupos'!EH5),ISNUMBER('Apostas - Grupos'!EI5)),IF('Apostas - Grupos'!EH5>'Apostas - Grupos'!EI5,1,0),0)+IF(AND(ISNUMBER('Apostas - Grupos'!EL5),ISNUMBER('Apostas - Grupos'!EM5)),IF('Apostas - Grupos'!EM5>'Apostas - Grupos'!EL5,1,0),0) -> 2 | D47: =IF(AND(ISNUMBER('Apostas - Grupos'!ED5),ISNUMBER('Apostas - Grupos'!EE5)),IF('Apostas - Grupos'!ED5='Apostas - Grupos'!EE5,1,0),0)+IF(AND(ISNUMBER('Apostas - Grupos'!EH5),ISNUMBER('Apostas - Grupos'!EI5)),IF('Apostas - Grupos'!EH5='Apostas - Grupos'!EI5,1,0),0)+IF(AND(ISNUMBER('Apostas - Grupos'!EL5),ISNUMBER('Apostas - Grupos'!EM5)),IF('Apostas - Grupos'!EL5='Apostas - Grupos'!EM5,1,0),0) -> 1 | E47: =IF(ISNUMBER('Apostas - Grupos'!ED5),'Apostas - Grupos'!ED5,0)+IF(ISNUMBER('Apostas - Grupos'!EH5),'Apostas - Grupos'!EH5,0)+IF(ISNUMBER('Apostas - Grupos'!EL5),'Apostas - Grupos'!EM5,0) -> 5 | F47: =IF(ISNUMBER('Apostas - Grupos'!ED5),'Apostas - Grupos'!EE5,0)+IF(ISNUMBER('Apostas - Grupos'!EH5),'Apostas - Grupos'!EI5,0)+IF(ISNUMBER('Apostas - Grupos'!EL5),'Apostas - Grupos'!EL5,0) -> 3 | G47: =E47-F47 -> 2 | H47: =3*C47+D47 -> 7 | I47: =H47*1000000000+(G47+200)*1000000+E47*1000+(500-M47) -> 7202005491 | J47: =RANK(I47,$I$47:$I$50,0) -> 1 | K47: =IF(AND(ISNUMBER('Apostas - Grupos'!ED5),ISNUMBER('Apostas - Grupos'!EE5)),1,0)+IF(AND(ISNUMBER('Apostas - Grupos'!EH5),ISNUMBER('Apostas - Grupos'!EI5)),1,0)+IF(AND(ISNUMBER('Apostas - Grupos'!EL5),ISNUMBER('Apostas - Grupos'!EM5)),1,0) -> 3 | L47: =K47-C47-D47 -> 0 | M47: 9
A48: L | B48: Croacia | C48: =IF(AND(ISNUMBER('Apostas - Grupos'!ED5),ISNUMBER('Apostas - Grupos'!EE5)),IF('Apostas - Grupos'!EE5>'Apostas - Grupos'!ED5,1,0),0)+IF(AND(ISNUMBER('Apostas - Grupos'!EJ5),ISNUMBER('Apostas - Grupos'!EK5)),IF('Apostas - Grupos'!EK5>'Apostas - Grupos'!EJ5,1,0),0)+IF(AND(ISNUMBER('Apostas - Grupos'!EN5),ISNUMBER('Apostas - Grupos'!EO5)),IF('Apostas - Grupos'!EN5>'Apostas - Grupos'!EO5,1,0),0) -> 2 | D48: =IF(AND(ISNUMBER('Apostas - Grupos'!ED5),ISNUMBER('Apostas - Grupos'!EE5)),IF('Apostas - Grupos'!ED5='Apostas - Grupos'!EE5,1,0),0)+IF(AND(ISNUMBER('Apostas - Grupos'!EJ5),ISNUMBER('Apostas - Grupos'!EK5)),IF('Apostas - Grupos'!EJ5='Apostas - Grupos'!EK5,1,0),0)+IF(AND(ISNUMBER('Apostas - Grupos'!EN5),ISNUMBER('Apostas - Grupos'!EO5)),IF('Apostas - Grupos'!EN5='Apostas - Grupos'!EO5,1,0),0) -> 1 | E48: =IF(ISNUMBER('Apostas - Grupos'!ED5),'Apostas - Grupos'!EE5,0)+IF(ISNUMBER('Apostas - Grupos'!EJ5),'Apostas - Grupos'!EK5,0)+IF(ISNUMBER('Apostas - Grupos'!EN5),'Apostas - Grupos'!EN5,0) -> 5 | F48: =IF(ISNUMBER('Apostas - Grupos'!ED5),'Apostas - Grupos'!ED5,0)+IF(ISNUMBER('Apostas - Grupos'!EJ5),'Apostas - Grupos'!EJ5,0)+IF(ISNUMBER('Apostas - Grupos'!EN5),'Apostas - Grupos'!EO5,0) -> 3 | G48: =E48-F48 -> 2 | H48: =3*C48+D48 -> 7 | I48: =H48*1000000000+(G48+200)*1000000+E48*1000+(500-M48) -> 7202005490 | J48: =RANK(I48,$I$47:$I$50,0) -> 2 | K48: =IF(AND(ISNUMBER('Apostas - Grupos'!ED5),ISNUMBER('Apostas - Grupos'!EE5)),1,0)+IF(AND(ISNUMBER('Apostas - Grupos'!EJ5),ISNUMBER('Apostas - Grupos'!EK5)),1,0)+IF(AND(ISNUMBER('Apostas - Grupos'!EN5),ISNUMBER('Apostas - Grupos'!EO5)),1,0) -> 3 | L48: =K48-C48-D48 -> 0 | M48: 10
A49: L | B49: Gana | C49: =IF(AND(ISNUMBER('Apostas - Grupos'!EF5),ISNUMBER('Apostas - Grupos'!EG5)),IF('Apostas - Grupos'!EF5>'Apostas - Grupos'!EG5,1,0),0)+IF(AND(ISNUMBER('Apostas - Grupos'!EH5),ISNUMBER('Apostas - Grupos'!EI5)),IF('Apostas - Grupos'!EI5>'Apostas - Grupos'!EH5,1,0),0)+IF(AND(ISNUMBER('Apostas - Grupos'!EN5),ISNUMBER('Apostas - Grupos'!EO5)),IF('Apostas - Grupos'!EO5>'Apostas - Grupos'!EN5,1,0),0) -> 0 | D49: =IF(AND(ISNUMBER('Apostas - Grupos'!EF5),ISNUMBER('Apostas - Grupos'!EG5)),IF('Apostas - Grupos'!EF5='Apostas - Grupos'!EG5,1,0),0)+IF(AND(ISNUMBER('Apostas - Grupos'!EH5),ISNUMBER('Apostas - Grupos'!EI5)),IF('Apostas - Grupos'!EH5='Apostas - Grupos'!EI5,1,0),0)+IF(AND(ISNUMBER('Apostas - Grupos'!EN5),ISNUMBER('Apostas - Grupos'!EO5)),IF('Apostas - Grupos'!EN5='Apostas - Grupos'!EO5,1,0),0) -> 1 | E49: =IF(ISNUMBER('Apostas - Grupos'!EF5),'Apostas - Grupos'!EF5,0)+IF(ISNUMBER('Apostas - Grupos'!EH5),'Apostas - Grupos'!EI5,0)+IF(ISNUMBER('Apostas - Grupos'!EN5),'Apostas - Grupos'!EO5,0) -> 3 | F49: =IF(ISNUMBER('Apostas - Grupos'!EF5),'Apostas - Grupos'!EG5,0)+IF(ISNUMBER('Apostas - Grupos'!EH5),'Apostas - Grupos'!EH5,0)+IF(ISNUMBER('Apostas - Grupos'!EN5),'Apostas - Grupos'!EN5,0) -> 5 | G49: =E49-F49 -> -2 | H49: =3*C49+D49 -> 1 | I49: =H49*1000000000+(G49+200)*1000000+E49*1000+(500-M49) -> 1198003448 | J49: =RANK(I49,$I$47:$I$50,0) -> 3 | K49: =IF(AND(ISNUMBER('Apostas - Grupos'!EF5),ISNUMBER('Apostas - Grupos'!EG5)),1,0)+IF(AND(ISNUMBER('Apostas - Grupos'!EH5),ISNUMBER('Apostas - Grupos'!EI5)),1,0)+IF(AND(ISNUMBER('Apostas - Grupos'!EN5),ISNUMBER('Apostas - Grupos'!EO5)),1,0) -> 3 | L49: =K49-C49-D49 -> 2 | M49: 52
A50: L | B50: Panama | C50: =IF(AND(ISNUMBER('Apostas - Grupos'!EF5),ISNUMBER('Apostas - Grupos'!EG5)),IF('Apostas - Grupos'!EG5>'Apostas - Grupos'!EF5,1,0),0)+IF(AND(ISNUMBER('Apostas - Grupos'!EJ5),ISNUMBER('Apostas - Grupos'!EK5)),IF('Apostas - Grupos'!EJ5>'Apostas - Grupos'!EK5,1,0),0)+IF(AND(ISNUMBER('Apostas - Grupos'!EL5),ISNUMBER('Apostas - Grupos'!EM5)),IF('Apostas - Grupos'!EL5>'Apostas - Grupos'!EM5,1,0),0) -> 0 | D50: =IF(AND(ISNUMBER('Apostas - Grupos'!EF5),ISNUMBER('Apostas - Grupos'!EG5)),IF('Apostas - Grupos'!EF5='Apostas - Grupos'!EG5,1,0),0)+IF(AND(ISNUMBER('Apostas - Grupos'!EJ5),ISNUMBER('Apostas - Grupos'!EK5)),IF('Apostas - Grupos'!EJ5='Apostas - Grupos'!EK5,1,0),0)+IF(AND(ISNUMBER('Apostas - Grupos'!EL5),ISNUMBER('Apostas - Grupos'!EM5)),IF('Apostas - Grupos'!EL5='Apostas - Grupos'!EM5,1,0),0) -> 1 | E50: =IF(ISNUMBER('Apostas - Grupos'!EF5),'Apostas - Grupos'!EG5,0)+IF(ISNUMBER('Apostas - Grupos'!EJ5),'Apostas - Grupos'!EJ5,0)+IF(ISNUMBER('Apostas - Grupos'!EL5),'Apostas - Grupos'!EL5,0) -> 3 | F50: =IF(ISNUMBER('Apostas - Grupos'!EF5),'Apostas - Grupos'!EF5,0)+IF(ISNUMBER('Apostas - Grupos'!EJ5),'Apostas - Grupos'!EK5,0)+IF(ISNUMBER('Apostas - Grupos'!EL5),'Apostas - Grupos'!EM5,0) -> 5 | G50: =E50-F50 -> -2 | H50: =3*C50+D50 -> 1 | I50: =H50*1000000000+(G50+200)*1000000+E50*1000+(500-M50) -> 1198003428 | J50: =RANK(I50,$I$47:$I$50,0) -> 4 | K50: =IF(AND(ISNUMBER('Apostas - Grupos'!EF5),ISNUMBER('Apostas - Grupos'!EG5)),1,0)+IF(AND(ISNUMBER('Apostas - Grupos'!EJ5),ISNUMBER('Apostas - Grupos'!EK5)),1,0)+IF(AND(ISNUMBER('Apostas - Grupos'!EL5),ISNUMBER('Apostas - Grupos'!EM5)),1,0) -> 3 | L50: =K50-C50-D50 -> 2 | M50: 72
A53: A | B53: =IFERROR(INDEX($B$3:$B$6,MATCH(1,$J$3:$J$6,0)),"?") -> Mexico | C53: =IFERROR(INDEX($B$3:$B$6,MATCH(2,$J$3:$J$6,0)),"?") -> Coreia do Sul | D53: =IFERROR(INDEX($B$3:$B$6,MATCH(3,$J$3:$J$6,0)),"?") -> Tchequia | E53: =IFERROR(INDEX($B$3:$B$6,MATCH(4,$J$3:$J$6,0)),"?") -> Africa do Sul
A54: B | B54: =IFERROR(INDEX($B$7:$B$10,MATCH(1,$J$7:$J$10,0)),"?") -> Canada | C54: =IFERROR(INDEX($B$7:$B$10,MATCH(2,$J$7:$J$10,0)),"?") -> Suica | D54: =IFERROR(INDEX($B$7:$B$10,MATCH(3,$J$7:$J$10,0)),"?") -> Bosnia e Herzegovina | E54: =IFERROR(INDEX($B$7:$B$10,MATCH(4,$J$7:$J$10,0)),"?") -> Qatar
A55: C | B55: =IFERROR(INDEX($B$11:$B$14,MATCH(1,$J$11:$J$14,0)),"?") -> Brasil | C55: =IFERROR(INDEX($B$11:$B$14,MATCH(2,$J$11:$J$14,0)),"?") -> Marrocos | D55: =IFERROR(INDEX($B$11:$B$14,MATCH(3,$J$11:$J$14,0)),"?") -> Escocia | E55: =IFERROR(INDEX($B$11:$B$14,MATCH(4,$J$11:$J$14,0)),"?") -> Haiti
A56: D | B56: =IFERROR(INDEX($B$15:$B$18,MATCH(1,$J$15:$J$18,0)),"?") -> Estados Unidos | C56: =IFERROR(INDEX($B$15:$B$18,MATCH(2,$J$15:$J$18,0)),"?") -> Australia | D56: =IFERROR(INDEX($B$15:$B$18,MATCH(3,$J$15:$J$18,0)),"?") -> Turquia | E56: =IFERROR(INDEX($B$15:$B$18,MATCH(4,$J$15:$J$18,0)),"?") -> Paraguai
A57: E | B57: =IFERROR(INDEX($B$19:$B$22,MATCH(1,$J$19:$J$22,0)),"?") -> Alemanha | C57: =IFERROR(INDEX($B$19:$B$22,MATCH(2,$J$19:$J$22,0)),"?") -> Equador | D57: =IFERROR(INDEX($B$19:$B$22,MATCH(3,$J$19:$J$22,0)),"?") -> Costa do Marfim | E57: =IFERROR(INDEX($B$19:$B$22,MATCH(4,$J$19:$J$22,0)),"?") -> Curacao
A58: F | B58: =IFERROR(INDEX($B$23:$B$26,MATCH(1,$J$23:$J$26,0)),"?") -> Holanda | C58: =IFERROR(INDEX($B$23:$B$26,MATCH(2,$J$23:$J$26,0)),"?") -> Japao | D58: =IFERROR(INDEX($B$23:$B$26,MATCH(3,$J$23:$J$26,0)),"?") -> Suecia | E58: =IFERROR(INDEX($B$23:$B$26,MATCH(4,$J$23:$J$26,0)),"?") -> Tunisia
A59: G | B59: =IFERROR(INDEX($B$27:$B$30,MATCH(1,$J$27:$J$30,0)),"?") -> Belgica | C59: =IFERROR(INDEX($B$27:$B$30,MATCH(2,$J$27:$J$30,0)),"?") -> Ira | D59: =IFERROR(INDEX($B$27:$B$30,MATCH(3,$J$27:$J$30,0)),"?") -> Egito | E59: =IFERROR(INDEX($B$27:$B$30,MATCH(4,$J$27:$J$30,0)),"?") -> Nova Zelandia
A60: H | B60: =IFERROR(INDEX($B$31:$B$34,MATCH(1,$J$31:$J$34,0)),"?") -> Espanha | C60: =IFERROR(INDEX($B$31:$B$34,MATCH(2,$J$31:$J$34,0)),"?") -> Uruguai | D60: =IFERROR(INDEX($B$31:$B$34,MATCH(3,$J$31:$J$34,0)),"?") -> Arabia Saudita | E60: =IFERROR(INDEX($B$31:$B$34,MATCH(4,$J$31:$J$34,0)),"?") -> Cabo Verde
A61: I | B61: =IFERROR(INDEX($B$35:$B$38,MATCH(1,$J$35:$J$38,0)),"?") -> Franca | C61: =IFERROR(INDEX($B$35:$B$38,MATCH(2,$J$35:$J$38,0)),"?") -> Senegal | D61: =IFERROR(INDEX($B$35:$B$38,MATCH(3,$J$35:$J$38,0)),"?") -> Noruega | E61: =IFERROR(INDEX($B$35:$B$38,MATCH(4,$J$35:$J$38,0)),"?") -> Iraque
A62: J | B62: =IFERROR(INDEX($B$39:$B$42,MATCH(1,$J$39:$J$42,0)),"?") -> Argentina | C62: =IFERROR(INDEX($B$39:$B$42,MATCH(2,$J$39:$J$42,0)),"?") -> Austria | D62: =IFERROR(INDEX($B$39:$B$42,MATCH(3,$J$39:$J$42,0)),"?") -> Argelia | E62: =IFERROR(INDEX($B$39:$B$42,MATCH(4,$J$39:$J$42,0)),"?") -> Jordania
A63: K | B63: =IFERROR(INDEX($B$43:$B$46,MATCH(1,$J$43:$J$46,0)),"?") -> Portugal | C63: =IFERROR(INDEX($B$43:$B$46,MATCH(2,$J$43:$J$46,0)),"?") -> Colombia | D63: =IFERROR(INDEX($B$43:$B$46,MATCH(3,$J$43:$J$46,0)),"?") -> Uzbequistao | E63: =IFERROR(INDEX($B$43:$B$46,MATCH(4,$J$43:$J$46,0)),"?") -> RD Congo
A64: L | B64: =IFERROR(INDEX($B$47:$B$50,MATCH(1,$J$47:$J$50,0)),"?") -> Inglaterra | C64: =IFERROR(INDEX($B$47:$B$50,MATCH(2,$J$47:$J$50,0)),"?") -> Croacia | D64: =IFERROR(INDEX($B$47:$B$50,MATCH(3,$J$47:$J$50,0)),"?") -> Gana | E64: =IFERROR(INDEX($B$47:$B$50,MATCH(4,$J$47:$J$50,0)),"?") -> Panama
A66: A | B66: =IFERROR(INDEX($B$3:$B$6,MATCH(3,$J$3:$J$6,0)),"?") -> Tchequia | C66: =IFERROR(INDEX($I$3:$I$6,MATCH(3,$J$3:$J$6,0)),0) -> 2199003462 | D66: =RANK(C66,$C$66:$C$77,0) -> 7
A67: B | B67: =IFERROR(INDEX($B$7:$B$10,MATCH(3,$J$7:$J$10,0)),"?") -> Bosnia e Herzegovina | C67: =IFERROR(INDEX($I$7:$I$10,MATCH(3,$J$7:$J$10,0)),0) -> 2199003445 | D67: =RANK(C67,$C$66:$C$77,0) -> 9
A68: C | B68: =IFERROR(INDEX($B$11:$B$14,MATCH(3,$J$11:$J$14,0)),"?") -> Escocia | C68: =IFERROR(INDEX($I$11:$I$14,MATCH(3,$J$11:$J$14,0)),0) -> 2199003473 | D68: =RANK(C68,$C$66:$C$77,0) -> 5
A69: D | B69: =IFERROR(INDEX($B$15:$B$18,MATCH(3,$J$15:$J$18,0)),"?") -> Turquia | C69: =IFERROR(INDEX($I$15:$I$18,MATCH(3,$J$15:$J$18,0)),0) -> 3200003464 | D69: =RANK(C69,$C$66:$C$77,0) -> 2
A70: E | B70: =IFERROR(INDEX($B$19:$B$22,MATCH(3,$J$19:$J$22,0)),"?") -> Costa do Marfim | C70: =IFERROR(INDEX($I$19:$I$22,MATCH(3,$J$19:$J$22,0)),0) -> 2199003459 | D70: =RANK(C70,$C$66:$C$77,0) -> 8
A71: F | B71: =IFERROR(INDEX($B$23:$B$26,MATCH(3,$J$23:$J$26,0)),"?") -> Suecia | C71: =IFERROR(INDEX($I$23:$I$26,MATCH(3,$J$23:$J$26,0)),0) -> 2199003474 | D71: =RANK(C71,$C$66:$C$77,0) -> 4
A72: G | B72: =IFERROR(INDEX($B$27:$B$30,MATCH(3,$J$27:$J$30,0)),"?") -> Egito | C72: =IFERROR(INDEX($I$27:$I$30,MATCH(3,$J$27:$J$30,0)),0) -> 3200003464 | D72: =RANK(C72,$C$66:$C$77,0) -> 2
A73: H | B73: =IFERROR(INDEX($B$31:$B$34,MATCH(3,$J$31:$J$34,0)),"?") -> Arabia Saudita | C73: =IFERROR(INDEX($I$31:$I$34,MATCH(3,$J$31:$J$34,0)),0) -> 2197002443 | D73: =RANK(C73,$C$66:$C$77,0) -> 11
A74: I | B74: =IFERROR(INDEX($B$35:$B$38,MATCH(3,$J$35:$J$38,0)),"?") -> Noruega | C74: =IFERROR(INDEX($I$35:$I$38,MATCH(3,$J$35:$J$38,0)),0) -> 4200004472 | D74: =RANK(C74,$C$66:$C$77,0) -> 1
A75: J | B75: =IFERROR(INDEX($B$39:$B$42,MATCH(3,$J$39:$J$42,0)),"?") -> Argelia | C75: =IFERROR(INDEX($I$39:$I$42,MATCH(3,$J$39:$J$42,0)),0) -> 2199003468 | D75: =RANK(C75,$C$66:$C$77,0) -> 6
A76: K | B76: =IFERROR(INDEX($B$43:$B$46,MATCH(3,$J$43:$J$46,0)),"?") -> Uzbequistao | C76: =IFERROR(INDEX($I$43:$I$46,MATCH(3,$J$43:$J$46,0)),0) -> 2199003426 | D76: =RANK(C76,$C$66:$C$77,0) -> 10
A77: L | B77: =IFERROR(INDEX($B$47:$B$50,MATCH(3,$J$47:$J$50,0)),"?") -> Gana | C77: =IFERROR(INDEX($I$47:$I$50,MATCH(3,$J$47:$J$50,0)),0) -> 1198003448 | D77: =RANK(C77,$C$66:$C$77,0) -> 12
A79: 1 | B79: =IFERROR(INDEX($B$66:$B$77,MATCH(1,$D$66:$D$77,0)),"?") -> Noruega
A80: 2 | B80: =IFERROR(INDEX($B$66:$B$77,MATCH(2,$D$66:$D$77,0)),"?") -> Turquia
A81: 3 | B81: =IFERROR(INDEX($B$66:$B$77,MATCH(3,$D$66:$D$77,0)),"?") -> ?
A82: 4 | B82: =IFERROR(INDEX($B$66:$B$77,MATCH(4,$D$66:$D$77,0)),"?") -> Suecia
A83: 5 | B83: =IFERROR(INDEX($B$66:$B$77,MATCH(5,$D$66:$D$77,0)),"?") -> Escocia
A84: 6 | B84: =IFERROR(INDEX($B$66:$B$77,MATCH(6,$D$66:$D$77,0)),"?") -> Argelia
A85: 7 | B85: =IFERROR(INDEX($B$66:$B$77,MATCH(7,$D$66:$D$77,0)),"?") -> Tchequia
A86: 8 | B86: =IFERROR(INDEX($B$66:$B$77,MATCH(8,$D$66:$D$77,0)),"?") -> Costa do Marfim
A88: Chave T495 | B88: =IF(D66<=8,"A","")&IF(D67<=8,"B","")&IF(D68<=8,"C","")&IF(D69<=8,"D","")&IF(D70<=8,"E","")&IF(D71<=8,"F","")&IF(D72<=8,"G","")&IF(D73<=8,"H","")&IF(D74<=8,"I","")&IF(D75<=8,"J","")&IF(D76<=8,"K","")&IF(D77<=8,"L","") -> ACDEFGIJ

Sheet T495
A1: T495 - TABELA DE COMBINACOES DE 3os COLOCADOS (Annex C FIFA) - NAO EDITAR
A2: Chave | B2: 1A vs | C2: 1B vs | D2: 1D vs | E2: 1E vs | F2: 1G vs | G2: 1I vs | H2: 1K vs | I2: 1L vs
A3: ABCDEFGH | B3: 3H | C3: 3G | D3: 3B | E3: 3C | F3: 3A | G3: 3F | H3: 3D | I3: 3E
A4: ABCDEFGI | B4: 3C | C4: 3G | D4: 3B | E4: 3D | F4: 3A | G4: 3F | H4: 3E | I4: 3I
A5: ABCDEFGJ | B5: 3C | C5: 3G | D5: 3B | E5: 3D | F5: 3A | G5: 3F | H5: 3E | I5: 3J
A6: ABCDEFGK | B6: 3C | C6: 3G | D6: 3B | E6: 3D | F6: 3A | G6: 3F | H6: 3E | I6: 3K
A7: ABCDEFGL | B7: 3C | C7: 3G | D7: 3B | E7: 3D | F7: 3A | G7: 3F | H7: 3L | I7: 3E
A8: ABCDEFHI | B8: 3H | C8: 3E | D8: 3B | E8: 3C | F8: 3A | G8: 3F | H8: 3D | I8: 3I
A9: ABCDEFHJ | B9: 3H | C9: 3J | D9: 3B | E9: 3C | F9: 3A | G9: 3F | H9: 3D | I9: 3E
A10: ABCDEFHK | B10: 3H | C10: 3E | D10: 3B | E10: 3C | F10: 3A | G10: 3F | H10: 3D | I10: 3K
A11: ABCDEFHL | B11: 3H | C11: 3F | D11: 3B | E11: 3C | F11: 3A | G11: 3D | H11: 3L | I11: 3E
A12: ABCDEFIJ | B12: 3C | C12: 3J | D12: 3B | E12: 3D | F12: 3A | G12: 3F | H12: 3E | I12: 3I
A13: ABCDEFIK | B13: 3C | C13: 3E | D13: 3B | E13: 3D | F13: 3A | G13: 3F | H13: 3I | I13: 3K
... A497: EFGHIJKL | B497: 3E | C497: 3J | D497: 3I | E497: 3F | F497: 3H | G497: 3G | H497: 3L | I497: 3K

Sheet Apostas - Bonus
A1: BOLÃO 2026 - APOSTAS: BÔNUS
A2: Preencha SOMENTE a linha 5. Admin preenche linha 4 com resultados reais após a Copa.
A3: Participante | B3: Artilheiro (10 pts) | C3: Melhor Campanha Grupos (5 pts)
A4: RESULTADO REAL (Admin)
A5: ='Apostas - Grupos'!A5 -> GSachs | B5: Kylian Mbappé | C5: Espanha

Sheet Apostas - Mata-Mata
A1: BOLÃO 2026 - APOSTAS: MATA-MATA (BRACKET FIFA)
A2: LINHA AZUL: confrontos automáticos (palpites grupos + bracket FIFA). LINHA LARANJA: coloque X no time que acredita que avançará. Preencha da esquerda para direita: R32 primeiro, depois as proximas fases. | AH2: Oitavas de Final | AX2: Quartas de Final | BF2: Semifinais | BJ2: Terceiro Lugar | BL2: Final
A3: Rodada / Jogo | B3: M73 | D3: M74 | F3: M75 | H3: M76 | J3: M77 | L3: M78 | N3: M79 | P3: M80 | R3: M81 | T3: M82 | V3: M83 | X3: M84 | Z3: M85 | AB3: M86 | AD3: M87 | AF3: M88 | AH3: J89 | AJ3: J90 | AL3: J91 | AN3: J92 | AP3: J93 | AR3: J94 | AT3: J95 | AV3: J96 | AX3: J97 | AZ3: J98 | BB3: J99 | BD3: J100 | BF3: J101 | BH3: J102 | BJ3: J103 | BL3: J104
A4: Data | B4: 46201 | D4: 46202 | F4: 46202 | H4: 46202 | J4: 46203 | L4: 46203 | N4: 46203 | P4: 46204 | R4: 46204 | T4: 46204 | V4: 46205 | X4: 46205 | Z4: 46205 | AB4: 46206 | AD4: 46206 | AF4: 46206 | AH4: 46207 | AJ4: 46207 | AL4: 46208 | AN4: 46208 | AP4: 46209 | AR4: 46209 | AT4: 46210 | AV4: 46210 | AX4: 46212 | AZ4: 46213 | BB4: 46214 | BD4: 46214 | BF4: 46217 | BH4: 46218 | BJ4: 46221 | BL4: 46222
A5: ='Apostas - Grupos'!A5 -> GSachs | B5: =IFERROR(Calc!C53,"?") -> Coreia do Sul | C5: =IFERROR(Calc!C54,"?") -> Suica | D5: =IFERROR(Calc!B57,"?") -> Alemanha | E5: =IFERROR(IFERROR(INDEX(Calc!$B$66:$B$77,MATCH(MID(IFERROR(VLOOKUP(Calc!B88,'T495'!$A$2:$I$496,5,FALSE),""),2,1),Calc!$A$66:$A$77,0)),"Aguardando"),"Aguardando") -> Turquia | F5: =IFERROR(Calc!B58,"?") -> Holanda | G5: =IFERROR(Calc!C55,"?") -> Marrocos | H5: =IFERROR(Calc!B55,"?") -> Brasil | I5: =IFERROR(Calc!C58,"?") -> Japao | J5: =IFERROR(Calc!B61,"?") -> Franca | K5: =IFERROR(IFERROR(INDEX(Calc!$B$66:$B$77,MATCH(MID(IFERROR(VLOOKUP(Calc!B88,'T495'!$A$2:$I$496,7,FALSE),""),2,1),Calc!$A$66:$A$77,0)),"Aguardando"),"Aguardando") -> Suecia | L5: =IFERROR(Calc!C57,"?") -> Equador | M5: =IFERROR(Calc!C61,"?") -> Senegal | N5: =IFERROR(Calc!B53,"?") -> Mexico | O5: =IFERROR(IFERROR(INDEX(Calc!$B$66:$B$77,MATCH(MID(IFERROR(VLOOKUP(Calc!B88,'T495'!$A$2:$I$496,2,FALSE),""),2,1),Calc!$A$66:$A$77,0)),"Aguardando"),"Aguardando") -> Escocia | P5: =IFERROR(Calc!B64,"?") -> Inglaterra | Q5: =IFERROR(IFERROR(INDEX(Calc!$B$66:$B$77,MATCH(MID(IFERROR(VLOOKUP(Calc!B88,'T495'!$A$2:$I$496,9,FALSE),""),2,1),Calc!$A$66:$A$77,0)),"Aguardando"),"Aguardando") -> Noruega | R5: =IFERROR(Calc!B56,"?") -> Estados Unidos | S5: =IFERROR(IFERROR(INDEX(Calc!$B$66:$B$77,MATCH(MID(IFERROR(VLOOKUP(Calc!B88,'T495'!$A$2:$I$496,4,FALSE),""),2,1),Calc!$A$66:$A$77,0)),"Aguardando"),"Aguardando") -> Argelia | T5: =IFERROR(Calc!B59,"?") -> Belgica | U5: =IFERROR(IFERROR(INDEX(Calc!$B$66:$B$77,MATCH(MID(IFERROR(VLOOKUP(Calc!B88,'T495'!$A$2:$I$496,6,FALSE),""),2,1),Calc!$A$66:$A$77,0)),"Aguardando"),"Aguardando") -> Tchequia | V5: =IFERROR(Calc!C63,"?") -> Colombia | W5: =IFERROR(Calc!C64,"?") -> Croacia | X5: =IFERROR(Calc!B60,"?") -> Espanha | Y5: =IFERROR(Calc!C62,"?") -> Austria | Z5: =IFERROR(Calc!B54,"?") -> Canada | AA5: =IFERROR(IFERROR(INDEX(Calc!$B$66:$B$77,MATCH(MID(IFERROR(VLOOKUP(Calc!B88,'T495'!$A$2:$I$496,3,FALSE),""),2,1),Calc!$A$66:$A$77,0)),"Aguardando"),"Aguardando") -> Egito | AB5: =IFERROR(Calc!B62,"?") -> Argentina | AC5: =IFERROR(Calc!C60,"?") -> Uruguai | AD5: =IFERROR(Calc!B63,"?") -> Portugal | AE5: =IFERROR(IFERROR(INDEX(Calc!$B$66:$B$77,MATCH(MID(IFERROR(VLOOKUP(Calc!B88,'T495'!$A$2:$I$496,8,FALSE),""),2,1),Calc!$A$66:$A$77,0)),"Aguardando"),"Aguardando") -> Costa do Marfim | AF5: =IFERROR(Calc!C56,"?") -> Australia | AG5: =IFERROR(Calc!C59,"?") -> Ira | AH5: =IF('Apostas - Mata-Mata'!D6="X",'Apostas - Mata-Mata'!D5,IF('Apostas - Mata-Mata'!E6="X",'Apostas - Mata-Mata'!E5,"Aguardando")) -> Alemanha | AI5: =IF('Apostas - Mata-Mata'!J6="X",'Apostas - Mata-Mata'!J5,IF('Apostas - Mata-Mata'!K6="X",'Apostas - Mata-Mata'!K5,"Aguardando")) -> Franca | AJ5: =IF('Apostas - Mata-Mata'!B6="X",'Apostas - Mata-Mata'!B5,IF('Apostas - Mata-Mata'!C6="X",'Apostas - Mata-Mata'!C5,"Aguardando")) -> Suica | AK5: =IF('Apostas - Mata-Mata'!F6="X",'Apostas - Mata-Mata'!F5,IF('Apostas - Mata-Mata'!G6="X",'Apostas - Mata-Mata'!G5,"Aguardando")) -> Holanda | AL5: =IF('Apostas - Mata-Mata'!H6="X",'Apostas - Mata-Mata'!H5,IF('Apostas - Mata-Mata'!I6="X",'Apostas - Mata-Mata'!I5,"Aguardando")) -> Brasil | AM5: =IF('Apostas - Mata-Mata'!L6="X",'Apostas - Mata-Mata'!L5,IF('Apostas - Mata-Mata'!M6="X",'Apostas - Mata-Mata'!M5,"Aguardando")) -> Senegal | AN5: =IF('Apostas - Mata-Mata'!N6="X",'Apostas - Mata-Mata'!N5,IF('Apostas - Mata-Mata'!O6="X",'Apostas - Mata-Mata'!O5,"Aguardando")) -> Mexico | AO5: =IF('Apostas - Mata-Mata'!P6="X",'Apostas - Mata-Mata'!P5,IF('Apostas - Mata-Mata'!Q6="X",'Apostas - Mata-Mata'!Q5,"Aguardando")) -> Inglaterra | AP5: =IF('Apostas - Mata-Mata'!V6="X",'Apostas - Mata-Mata'!V5,IF('Apostas - Mata-Mata'!W6="X",'Apostas - Mata-Mata'!W5,"Aguardando")) -> Colombia | AQ5: =IF('Apostas - Mata-Mata'!X6="X",'Apostas - Mata-Mata'!X5,IF('Apostas - Mata-Mata'!Y6="X",'Apostas - Mata-Mata'!Y5,"Aguardando")) -> Espanha | AR5: =IF('Apostas - Mata-Mata'!R6="X",'Apostas - Mata-Mata'!R5,IF('Apostas - Mata-Mata'!S6="X",'Apostas - Mata-Mata'!S5,"Aguardando")) -> Estados Unidos | AS5: =IF('Apostas - Mata-Mata'!T6="X",'Apostas - Mata-Mata'!T5,IF('Apostas - Mata-Mata'!U6="X",'Apostas - Mata-Mata'!U5,"Aguardando")) -> Belgica | AT5: =IF('Apostas - Mata-Mata'!AB6="X",'Apostas - Mata-Mata'!AB5,IF('Apostas - Mata-Mata'!AC6="X",'Apostas - Mata-Mata'!AC5,"Aguardando")) -> Argentina | AU5: =IF('Apostas - Mata-Mata'!AF6="X",'Apostas - Mata-Mata'!AF5,IF('Apostas - Mata-Mata'!AG6="X",'Apostas - Mata-Mata'!AG5,"Aguardando")) -> Australia | AV5: =IF('Apostas - Mata-Mata'!Z6="X",'Apostas - Mata-Mata'!Z5,IF('Apostas - Mata-Mata'!AA6="X",'Apostas - Mata-Mata'!AA5,"Aguardando")) -> Canada | AW5: =IF('Apostas - Mata-Mata'!AD6="X",'Apostas - Mata-Mata'!AD5,IF('Apostas - Mata-Mata'!AE6="X",'Apostas - Mata-Mata'!AE5,"Aguardando")) -> Portugal | AX5: =IF('Apostas - Mata-Mata'!AH6="X",'Apostas - Mata-Mata'!AH5,IF('Apostas - Mata-Mata'!AI6="X",'Apostas - Mata-Mata'!AI5,"Aguardando")) -> Franca | AY5: =IF('Apostas - Mata-Mata'!AJ6="X",'Apostas - Mata-Mata'!AJ5,IF('Apostas - Mata-Mata'!AK6="X",'Apostas - Mata-Mata'!AK5,"Aguardando")) -> Holanda | AZ5: =IF('Apostas - Mata-Mata'!AP6="X",'Apostas - Mata-Mata'!AP5,IF('Apostas - Mata-Mata'!AQ6="X",'Apostas - Mata-Mata'!AQ5,"Aguardando")) -> Espanha | BA5: =IF('Apostas - Mata-Mata'!AR6="X",'Apostas - Mata-Mata'!AR5,IF('Apostas - Mata-Mata'!AS6="X",'Apostas - Mata-Mata'!AS5,"Aguardando")) -> Estados Unidos | BB5: =IF('Apostas - Mata-Mata'!AL6="X",'Apostas - Mata-Mata'!AL5,IF('Apostas - Mata-Mata'!AM6="X",'Apostas - Mata-Mata'!AM5,"Aguardando")) -> Brasil | BC5: =IF('Apostas - Mata-Mata'!AN6="X",'Apostas - Mata-Mata'!AN5,IF('Apostas - Mata-Mata'!AO6="X",'Apostas - Mata-Mata'!AO5,"Aguardando")) -> Inglaterra | BD5: =IF('Apostas - Mata-Mata'!AT6="X",'Apostas - Mata-Mata'!AT5,IF('Apostas - Mata-Mata'!AU6="X",'Apostas - Mata-Mata'!AU5,"Aguardando")) -> Argentina | BE5: =IF('Apostas - Mata-Mata'!AV6="X",'Apostas - Mata-Mata'!AV5,IF('Apostas - Mata-Mata'!AW6="X",'Apostas - Mata-Mata'!AW5,"Aguardando")) -> Portugal | BF5: =IF('Apostas - Mata-Mata'!AX6="X",'Apostas - Mata-Mata'!AX5,IF('Apostas - Mata-Mata'!AY6="X",'Apostas - Mata-Mata'!AY5,"Aguardando")) -> Franca | BG5: =IF('Apostas - Mata-Mata'!AZ6="X",'Apostas - Mata-Mata'!AZ5,IF('Apostas - Mata-Mata'!BA6="X",'Apostas - Mata-Mata'!BA5,"Aguardando")) -> Espanha | BH5: =IF('Apostas - Mata-Mata'!BB6="X",'Apostas - Mata-Mata'!BB5,IF('Apostas - Mata-Mata'!BC6="X",'Apostas - Mata-Mata'!BC5,"Aguardando")) -> Brasil | BI5: =IF('Apostas - Mata-Mata'!BD6="X",'Apostas - Mata-Mata'!BD5,IF('Apostas - Mata-Mata'!BE6="X",'Apostas - Mata-Mata'!BE5,"Aguardando")) -> Argentina | BJ5: =IF('Apostas - Mata-Mata'!BF6="X",'Apostas - Mata-Mata'!BG5,IF('Apostas - Mata-Mata'!BG6="X",'Apostas - Mata-Mata'!BF5,"Aguardando")) -> Franca | BK5: =IF('Apostas - Mata-Mata'!BH6="X",'Apostas - Mata-Mata'!BI5,IF('Apostas - Mata-Mata'!BI6="X",'Apostas - Mata-Mata'!BH5,"Aguardando")) -> Brasil | BL5: =IF('Apostas - Mata-Mata'!BF6="X",'Apostas - Mata-Mata'!BF5,IF('Apostas - Mata-Mata'!BG6="X",'Apostas - Mata-Mata'!BG5,"Aguardando")) -> Espanha | BM5: =IF('Apostas - Mata-Mata'!BH6="X",'Apostas - Mata-Mata'!BH5,IF('Apostas - Mata-Mata'!BI6="X",'Apostas - Mata-Mata'!BI5,"Aguardando")) -> Argentina
A6: Quem avanca? (X) | C6: x | D6: x | F6: x | H6: x | J6: x | M6: x | N6: x | P6: x | R6: x | T6: x | V6: x | X6: x | Z6: x | AB6: x | AD6: x | AF6: x | AI6: x | AK6: x | AL6: x | AO6: x | AQ6: x | AR6: x | AT6: x | AW6: x | AX6: x | AZ6: x | BB6: x | BD6: x | BG6: x | BI6: x | BJ6: x | BL6: x
